Filename,Grammar & Spelling,Word Count,Average Sentence Length,Function Word Count,FWratio
IDN_PTJ_001_B1_1.txt,(0, 0),253,13,98,0.387351778656
IDN_PTJ_002_B1_1.txt,(0, 5),218,14,97,0.44495412844
IDN_PTJ_003_B1_1.txt,(2, 0),246,11,101,0.410569105691
IDN_PTJ_004_B1_1.txt,(2, 3),203,14,84,0.413793103448
IDN_PTJ_005_B1_1.txt,(0, 3),216,12,98,0.453703703704
IDN_PTJ_006_A2_0.txt,(0, 1),195,12,61,0.312820512821
IDN_PTJ_007_B1_1.txt,(0, 3),215,15,96,0.446511627907
IDN_PTJ_008_A2_0.txt,(0, 1),259,19,109,0.420849420849
IDN_PTJ_009_B1_2.txt,(0, 0),215,11,79,0.367441860465
IDN_PTJ_010_B1_2.txt,(1, 8),277,13,104,0.375451263538
IDN_PTJ_011_B1_1.txt,(1, 1),228,13,89,0.390350877193
IDN_PTJ_012_B1_1.txt,(0, 12),285,19,122,0.428070175439
IDN_PTJ_013_B1_1.txt,(0, 1),246,12,90,0.365853658537
IDN_PTJ_014_B1_1.txt,(2, 0),201,18,87,0.432835820896
IDN_PTJ_015_B1_2.txt,(1, 2),248,10,82,0.33064516129
IDN_PTJ_016_B1_1.txt,(0, 0),209,19,91,0.435406698565
IDN_PTJ_017_A2_0.txt,(2, 1),218,16,103,0.47247706422
IDN_PTJ_018_B1_1.txt,(0, 0),234,16,92,0.393162393162
IDN_PTJ_019_B1_1.txt,(5, 2),187,17,83,0.44385026738
IDN_PTJ_020_B1_2.txt,(6, 2),242,14,105,0.433884297521
IDN_PTJ_021_B1_2.txt,(0, 1),206,25,90,0.436893203883
IDN_PTJ_022_A2_0.txt,(4, 5),263,14,94,0.357414448669
IDN_PTJ_023_A2_0.txt,(0, 0),200,18,85,0.425
IDN_PTJ_024_B1_2.txt,(2, 0),205,15,84,0.409756097561
IDN_PTJ_025_A2_0.txt,(0, 1),205,22,75,0.365853658537
IDN_PTJ_026_B1_1.txt,(0, 0),214,19,96,0.448598130841
IDN_PTJ_027_B1_2.txt,(0, 2),212,15,90,0.424528301887
IDN_PTJ_028_B1_1.txt,(0, 0),230,19,98,0.426086956522
IDN_PTJ_029_B1_1.txt,(1, 0),214,13,90,0.420560747664
IDN_PTJ_030_B1_1.txt,(1, 3),201,11,81,0.402985074627
IDN_PTJ_031_B1_2.txt,(0, 1),261,15,103,0.394636015326
IDN_PTJ_032_B1_1.txt,(1, 0),208,13,94,0.451923076923
IDN_PTJ_033_B1_2.txt,(0, 0),225,18,89,0.395555555556
IDN_PTJ_034_B1_2.txt,(1, 0),216,12,81,0.375
IDN_PTJ_035_B1_2.txt,(0, 0),232,15,86,0.370689655172
IDN_PTJ_036_B1_1.txt,(0, 2),207,13,84,0.405797101449
IDN_PTJ_037_B1_2.txt,(0, 7),289,18,117,0.404844290657
IDN_PTJ_038_B1_1.txt,(1, 0),226,13,101,0.446902654867
IDN_PTJ_039_A2_0.txt,(1, 4),235,13,84,0.357446808511
IDN_PTJ_040_B1_2.txt,(1, 0),213,14,76,0.356807511737
IDN_PTJ_041_B1_1.txt,(0, 7),278,16,112,0.402877697842
IDN_PTJ_042_B1_2.txt,(0, 12),288,16,102,0.354166666667
IDN_PTJ_043_B1_1.txt,(0, 5),298,14,114,0.38255033557
IDN_PTJ_044_B1_2.txt,(0, 0),203,14,78,0.384236453202
IDN_PTJ_045_A2_0.txt,(0, 6),300,15,129,0.43
IDN_PTJ_046_B1_2.txt,(0, 2),203,67,96,0.472906403941
IDN_PTJ_047_B1_1.txt,(0, 2),200,14,95,0.475
IDN_PTJ_048_B1_2.txt,(3, 2),213,12,81,0.380281690141
IDN_PTJ_049_B1_2.txt,(1, 3),210,17,80,0.380952380952
IDN_PTJ_050_A2_0.txt,(1, 2),207,20,85,0.410628019324
IDN_PTJ_051_B1_1.txt,(0, 7),277,12,111,0.400722021661
IDN_PTJ_052_B1_1.txt,(3, 1),219,13,81,0.369863013699
IDN_PTJ_053_B1_1.txt,(2, 2),212,17,89,0.419811320755
IDN_PTJ_054_A2_0.txt,(1, 9),244,17,100,0.409836065574
IDN_PTJ_055_B1_1.txt,(2, 11),277,23,112,0.404332129964
IDN_PTJ_056_B1_1.txt,(4, 3),202,15,68,0.336633663366
IDN_PTJ_057_B1_1.txt,(0, 0),206,20,99,0.480582524272
IDN_PTJ_058_B1_2.txt,(0, 3),254,14,104,0.409448818898
IDN_PTJ_059_B1_1.txt,(0, 3),202,16,78,0.386138613861
IDN_PTJ_060_B1_2.txt,(0, 2),210,23,85,0.404761904762
IDN_PTJ_061_B1_2.txt,(0, 0),204,14,67,0.328431372549
IDN_PTJ_062_B1_2.txt,(0, 1),229,15,88,0.384279475983
IDN_PTJ_063_A2_0.txt,(1, 2),208,10,73,0.350961538462
IDN_PTJ_064_B1_2.txt,(1, 6),293,16,110,0.37542662116
IDN_PTJ_065_B1_2.txt,(1, 0),244,20,102,0.418032786885
IDN_PTJ_066_B1_2.txt,(3, 2),252,16,101,0.400793650794
IDN_PTJ_067_B1_1.txt,(0, 4),238,14,89,0.373949579832
IDN_PTJ_068_B1_1.txt,(0, 1),207,20,74,0.357487922705
IDN_PTJ_069_B1_2.txt,(0, 0),267,15,100,0.374531835206
IDN_PTJ_070_A2_0.txt,(3, 2),210,11,75,0.357142857143
IDN_PTJ_071_A2_0.txt,(2, 0),213,13,99,0.464788732394
IDN_PTJ_072_B1_2.txt,(0, 3),206,15,82,0.398058252427
IDN_PTJ_073_B1_2.txt,(0, 3),231,13,85,0.367965367965
IDN_PTJ_074_B1_1.txt,(0, 8),299,16,128,0.428093645485
IDN_PTJ_075_A2_0.txt,(0, 10),257,28,77,0.299610894942
IDN_PTJ_076_B1_2.txt,(0, 0),247,14,102,0.412955465587
IDN_PTJ_077_B1_2.txt,(1, 3),212,13,96,0.452830188679
IDN_PTJ_078_B1_2.txt,(0, 0),219,16,87,0.397260273973
IDN_PTJ_079_B1_1.txt,(0, 0),206,18,82,0.398058252427
IDN_PTJ_080_A2_0.txt,(2, 3),238,19,103,0.432773109244
IDN_PTJ_081_B1_1.txt,(0, 2),255,18,108,0.423529411765
IDN_PTJ_082_B1_2.txt,(0, 0),214,13,77,0.359813084112
IDN_PTJ_083_B1_1.txt,(1, 1),210,11,74,0.352380952381
IDN_PTJ_084_B1_1.txt,(2, 4),236,19,104,0.440677966102
IDN_PTJ_085_B1_2.txt,(0, 0),221,12,80,0.361990950226
IDN_PTJ_086_B1_2.txt,(0, 0),213,11,73,0.342723004695
IDN_PTJ_087_B1_1.txt,(1, 4),232,19,95,0.409482758621
IDN_PTJ_088_B1_1.txt,(2, 2),220,12,88,0.4
IDN_PTJ_089_B1_1.txt,(2, 0),219,16,93,0.424657534247
IDN_PTJ_090_B1_2.txt,(0, 0),297,19,125,0.420875420875
IDN_PTJ_091_B1_2.txt,(0, 3),273,21,125,0.457875457875
IDN_PTJ_092_B1_1.txt,(0, 0),207,13,89,0.429951690821
IDN_PTJ_093_B1_1.txt,(1, 2),211,17,97,0.45971563981
IDN_PTJ_094_A2_0.txt,(0, 7),253,21,97,0.383399209486
IDN_PTJ_095_A2_0.txt,(1, 0),217,12,73,0.336405529954
IDN_PTJ_096_B1_1.txt,(1, 2),208,14,89,0.427884615385
IDN_PTJ_097_A2_0.txt,(1, 0),240,20,116,0.483333333333
IDN_PTJ_098_B1_2.txt,(1, 0),273,11,101,0.369963369963
IDN_PTJ_099_B1_2.txt,(0, 4),300,21,132,0.44
IDN_PTJ_100_B1_2.txt,(0, 0),210,17,96,0.457142857143
IDN_PTJ_101_B1_2.txt,(0, 10),300,15,110,0.366666666667
IDN_PTJ_102_B1_1.txt,(1, 0),221,14,89,0.402714932127
IDN_PTJ_103_B1_1.txt,(0, 0),236,15,105,0.444915254237
IDN_PTJ_104_B1_1.txt,(0, 2),258,14,108,0.418604651163
IDN_PTJ_105_B1_1.txt,(1, 0),211,13,81,0.383886255924
IDN_PTJ_106_B1_1.txt,(2, 3),203,29,92,0.453201970443
IDN_PTJ_107_B1_2.txt,(0, 0),237,21,101,0.426160337553
IDN_PTJ_108_B1_2.txt,(0, 7),217,19,96,0.442396313364
IDN_PTJ_109_B1_1.txt,(0, 2),210,21,84,0.4
IDN_PTJ_110_A2_0.txt,(2, 9),272,20,116,0.426470588235
IDN_PTJ_111_B1_2.txt,(0, 3),270,15,118,0.437037037037
IDN_PTJ_112_B1_1.txt,(3, 4),249,11,109,0.437751004016
IDN_PTJ_113_B1_2.txt,(2, 4),299,15,125,0.418060200669
IDN_PTJ_114_B1_2.txt,(1, 4),202,15,72,0.356435643564
IDN_PTJ_115_B1_2.txt,(1, 9),233,17,104,0.44635193133
IDN_PTJ_116_B1_1.txt,(0, 0),209,16,98,0.468899521531
IDN_PTJ_117_B1_2.txt,(0, 2),205,13,80,0.390243902439
IDN_PTJ_118_B1_1.txt,(1, 2),295,15,138,0.467796610169
IDN_PTJ_119_A2_0.txt,(0, 0),203,20,93,0.458128078818
IDN_PTJ_120_B1_1.txt,(1, 9),287,13,124,0.432055749129
IDN_PTJ_121_B1_1.txt,(4, 0),206,18,83,0.402912621359
IDN_PTJ_122_B1_1.txt,(0, 2),216,30,103,0.476851851852
IDN_PTJ_123_B1_1.txt,(1, 0),208,13,91,0.4375
IDN_PTJ_124_B1_1.txt,(0, 1),241,18,107,0.44398340249
IDN_PTJ_125_B1_1.txt,(0, 1),260,17,97,0.373076923077
IDN_PTJ_126_A2_0.txt,(0, 1),204,29,81,0.397058823529
IDN_PTJ_127_B1_1.txt,(6, 0),273,10,105,0.384615384615
IDN_PTJ_128_A2_0.txt,(2, 0),235,11,90,0.382978723404
IDN_PTJ_129_B1_1.txt,(0, 2),239,17,104,0.435146443515
IDN_PTJ_130_B1_2.txt,(0, 12),299,15,120,0.401337792642
IDN_PTJ_131_B1_2.txt,(5, 4),236,19,94,0.398305084746
IDN_PTJ_132_B1_2.txt,(1, 0),213,21,85,0.399061032864
IDN_PTJ_133_B1_2.txt,(0, 8),287,16,122,0.425087108014
IDN_PTJ_134_B1_1.txt,(5, 1),215,16,84,0.390697674419
IDN_PTJ_135_B1_2.txt,(0, 6),259,14,85,0.328185328185
IDN_PTJ_136_B1_2.txt,(0, 6),280,18,125,0.446428571429
IDN_PTJ_137_A2_0.txt,(1, 0),205,17,92,0.448780487805
IDN_PTJ_138_B1_1.txt,(0, 1),201,18,98,0.487562189055
IDN_PTJ_139_B1_1.txt,(2, 0),205,14,83,0.40487804878
IDN_PTJ_140_B1_1.txt,(0, 1),218,11,93,0.426605504587
IDN_PTJ_141_B1_1.txt,(0, 9),288,18,131,0.454861111111
IDN_PTJ_142_B1_2.txt,(1, 8),285,17,127,0.445614035088
IDN_PTJ_143_B1_1.txt,(3, 1),223,15,83,0.372197309417
IDN_PTJ_144_B1_1.txt,(0, 0),223,12,84,0.37668161435
IDN_PTJ_145_B1_1.txt,(2, 2),211,17,96,0.454976303318
IDN_PTJ_146_B1_1.txt,(0, 4),236,18,90,0.381355932203
IDN_PTJ_147_B1_2.txt,(0, 0),216,21,92,0.425925925926
IDN_PTJ_148_B1_2.txt,(0, 0),231,11,80,0.34632034632
IDN_PTJ_149_B1_2.txt,(0, 0),242,15,98,0.404958677686
IDN_PTJ_150_B1_2.txt,(0, 1),248,13,89,0.358870967742
IDN_PTJ_151_A2_0.txt,(0, 2),279,15,125,0.448028673835
IDN_PTJ_152_B1_2.txt,(1, 3),277,13,118,0.425992779783
IDN_PTJ_153_B1_2.txt,(2, 2),289,13,103,0.356401384083
IDN_PTJ_154_A2_0.txt,(1, 1),200,11,75,0.375
IDN_PTJ_155_B1_2.txt,(0, 1),234,16,97,0.41452991453
IDN_PTJ_156_B1_1.txt,(2, 1),209,23,98,0.468899521531
IDN_PTJ_157_B1_1.txt,(0, 3),205,14,89,0.434146341463
IDN_PTJ_158_B1_2.txt,(2, 0),261,13,105,0.402298850575
IDN_PTJ_159_B1_2.txt,(0, 0),220,27,102,0.463636363636
IDN_PTJ_160_B1_2.txt,(0, 4),260,20,102,0.392307692308
IDN_PTJ_161_B2_0.txt,(0, 0),278,18,117,0.420863309353
IDN_PTJ_162_B1_1.txt,(1, 1),218,16,85,0.389908256881
IDN_PTJ_163_B1_1.txt,(0, 0),226,12,93,0.411504424779
IDN_PTJ_164_B1_2.txt,(0, 2),231,10,85,0.367965367965
IDN_PTJ_165_B1_2.txt,(2, 0),215,15,85,0.395348837209
IDN_PTJ_166_B1_1.txt,(1, 12),289,17,119,0.411764705882
IDN_PTJ_167_A2_0.txt,(0, 1),252,21,107,0.424603174603
IDN_PTJ_168_B1_2.txt,(0, 0),244,18,106,0.434426229508
IDN_PTJ_169_B1_2.txt,(1, 9),270,13,96,0.355555555556
IDN_PTJ_170_B1_1.txt,(2, 0),244,13,97,0.397540983607
IDN_PTJ_171_B1_2.txt,(0, 1),195,11,78,0.4
IDN_PTJ_172_B1_2.txt,(3, 0),238,15,94,0.394957983193
IDN_PTJ_173_B1_2.txt,(4, 6),275,15,106,0.385454545455
IDN_PTJ_174_B1_1.txt,(1, 1),202,12,67,0.331683168317
IDN_PTJ_175_B1_1.txt,(4, 8),294,21,127,0.431972789116
IDN_PTJ_176_B1_1.txt,(0, 1),287,13,115,0.400696864111
IDN_PTJ_177_B2_0.txt,(0, 0),238,21,106,0.445378151261
IDN_PTJ_178_B2_0.txt,(0, 1),261,23,112,0.429118773946
IDN_PTJ_179_A2_0.txt,(0, 3),224,18,90,0.401785714286
IDN_PTJ_180_B1_2.txt,(0, 0),201,25,86,0.427860696517
IDN_PTJ_181_B1_2.txt,(0, 0),203,22,91,0.448275862069
IDN_PTJ_182_A2_0.txt,(0, 0),230,12,91,0.395652173913
IDN_PTJ_183_B1_1.txt,(0, 0),209,19,94,0.44976076555
IDN_PTJ_184_B1_2.txt,(1, 4),248,15,109,0.439516129032
IDN_PTJ_185_B1_1.txt,(1, 0),241,13,88,0.365145228216
IDN_PTJ_186_A2_0.txt,(0, 0),213,106,103,0.483568075117
IDN_PTJ_187_B1_2.txt,(0, 0),225,14,94,0.417777777778
IDN_PTJ_188_B1_2.txt,(1, 1),219,16,89,0.406392694064
IDN_PTJ_189_B1_2.txt,(0, 0),219,11,77,0.351598173516
IDN_PTJ_190_B1_2.txt,(1, 1),202,14,76,0.376237623762
IDN_PTJ_191_A2_0.txt,(0, 3),215,35,92,0.427906976744
IDN_PTJ_192_B1_2.txt,(0, 0),203,11,77,0.379310344828
IDN_PTJ_193_A2_0.txt,(0, 1),207,11,79,0.381642512077
IDN_PTJ_194_B1_2.txt,(0, 0),207,15,89,0.429951690821
IDN_PTJ_195_B1_1.txt,(2, 1),228,14,104,0.456140350877
IDN_PTJ_196_B1_2.txt,(0, 6),271,20,114,0.420664206642
IDN_PTJ_197_B1_2.txt,(0, 0),204,13,81,0.397058823529
IDN_PTJ_198_B1_2.txt,(1, 0),244,18,99,0.405737704918
IDN_PTJ_199_A2_0.txt,(0, 3),247,19,99,0.400809716599
IDN_PTJ_200_B1_1.txt,(0, 1),206,14,88,0.427184466019
IDN_SMK_001_B1_1.txt,(0, 2),233,21,100,0.429184549356
IDN_SMK_002_B1_1.txt,(0, 5),225,13,83,0.368888888889
IDN_SMK_003_B1_1.txt,(1, 4),246,11,103,0.418699186992
IDN_SMK_004_B1_1.txt,(0, 1),203,15,73,0.35960591133
IDN_SMK_005_B1_1.txt,(1, 7),212,12,72,0.339622641509
IDN_SMK_006_A2_0.txt,(0, 3),210,11,54,0.257142857143
IDN_SMK_007_B1_1.txt,(0, 0),204,15,90,0.441176470588
IDN_SMK_008_A2_0.txt,(0, 3),239,18,96,0.401673640167
IDN_SMK_009_B1_2.txt,(0, 0),204,11,82,0.401960784314
IDN_SMK_010_B1_2.txt,(0, 0),205,12,80,0.390243902439
IDN_SMK_011_B1_1.txt,(2, 0),202,13,75,0.371287128713
IDN_SMK_012_B1_1.txt,(0, 1),221,15,90,0.407239819005
IDN_SMK_013_B1_1.txt,(1, 6),241,14,83,0.344398340249
IDN_SMK_014_B1_1.txt,(4, 0),206,17,84,0.407766990291
IDN_SMK_015_B1_2.txt,(0, 5),221,11,80,0.361990950226
IDN_SMK_016_B1_1.txt,(1, 0),214,17,80,0.373831775701
IDN_SMK_017_A2_0.txt,(3, 5),249,14,112,0.449799196787
IDN_SMK_018_B1_1.txt,(1, 1),207,13,83,0.400966183575
IDN_SMK_019_B1_1.txt,(6, 0),205,17,86,0.419512195122
IDN_SMK_020_B1_2.txt,(3, 5),278,14,121,0.435251798561
IDN_SMK_021_B1_2.txt,(0, 0),205,15,75,0.365853658537
IDN_SMK_022_A2_0.txt,(3, 2),232,15,95,0.409482758621
IDN_SMK_023_A2_0.txt,(1, 0),203,14,90,0.443349753695
IDN_SMK_024_B1_2.txt,(1, 0),217,16,85,0.391705069124
IDN_SMK_025_A2_0.txt,(1, 0),212,23,78,0.367924528302
IDN_SMK_026_B1_1.txt,(0, 2),192,14,72,0.375
IDN_SMK_027_B1_2.txt,(0, 2),209,16,89,0.425837320574
IDN_SMK_028_B1_1.txt,(0, 1),200,16,76,0.38
IDN_SMK_029_B1_1.txt,(6, 8),247,16,78,0.315789473684
IDN_SMK_030_B1_1.txt,(2, 1),200,9,78,0.39
IDN_SMK_031_B1_2.txt,(0, 3),249,13,92,0.369477911647
IDN_SMK_032_B1_1.txt,(0, 3),215,14,76,0.353488372093
IDN_SMK_033_B1_2.txt,(1, 0),223,14,87,0.390134529148
IDN_SMK_034_B1_2.txt,(0, 0),206,11,76,0.368932038835
IDN_SMK_035_B1_2.txt,(0, 0),206,15,84,0.407766990291
IDN_SMK_036_B1_1.txt,(0, 2),214,11,81,0.378504672897
IDN_SMK_037_B1_2.txt,(0, 0),281,23,119,0.423487544484
IDN_SMK_038_B1_1.txt,(2, 2),205,9,81,0.39512195122
IDN_SMK_039_A2_0.txt,(3, 1),207,10,64,0.309178743961
IDN_SMK_040_B1_2.txt,(0, 0),217,16,84,0.387096774194
IDN_SMK_041_B1_1.txt,(1, 6),287,13,110,0.383275261324
IDN_SMK_042_B1_2.txt,(0, 9),295,18,114,0.386440677966
IDN_SMK_043_B1_1.txt,(0, 7),286,17,123,0.43006993007
IDN_SMK_044_B1_2.txt,(0, 1),241,14,92,0.381742738589
IDN_SMK_045_A2_0.txt,(0, 3),262,8,101,0.385496183206
IDN_SMK_046_B1_2.txt,(0, 4),235,58,111,0.472340425532
IDN_SMK_047_B1_1.txt,(1, 1),204,14,93,0.455882352941
IDN_SMK_048_B1_2.txt,(0, 0),207,11,76,0.367149758454
IDN_SMK_049_B1_2.txt,(0, 0),202,20,78,0.386138613861
IDN_SMK_050_A2_0.txt,(3, 9),208,17,81,0.389423076923
IDN_SMK_051_B1_1.txt,(1, 6),251,12,97,0.386454183267
IDN_SMK_052_B1_1.txt,(2, 1),203,22,61,0.300492610837
IDN_SMK_053_B1_1.txt,(2, 10),295,22,144,0.48813559322
IDN_SMK_054_A2_0.txt,(1, 4),256,16,107,0.41796875
IDN_SMK_055_B1_1.txt,(0, 7),232,29,97,0.418103448276
IDN_SMK_056_B1_1.txt,(2, 5),207,18,85,0.410628019324
IDN_SMK_057_B1_1.txt,(2, 11),221,24,80,0.361990950226
IDN_SMK_058_B1_2.txt,(0, 0),220,18,92,0.418181818182
IDN_SMK_059_B1_1.txt,(2, 0),191,14,79,0.413612565445
IDN_SMK_060_B1_2.txt,(0, 1),217,18,90,0.414746543779
IDN_SMK_061_B1_2.txt,(0, 0),245,12,106,0.432653061224
IDN_SMK_062_B1_2.txt,(1, 1),203,18,82,0.4039408867
IDN_SMK_063_A2_0.txt,(4, 4),205,9,71,0.346341463415
IDN_SMK_064_B1_2.txt,(0, 9),290,13,116,0.4
IDN_SMK_065_B1_2.txt,(0, 0),264,26,112,0.424242424242
IDN_SMK_066_B1_2.txt,(0, 0),204,15,90,0.441176470588
IDN_SMK_067_B1_1.txt,(1, 2),206,10,69,0.334951456311
IDN_SMK_068_B1_1.txt,(1, 0),206,15,70,0.339805825243
IDN_SMK_069_B1_2.txt,(0, 0),203,12,79,0.389162561576
IDN_SMK_070_A2_0.txt,(1, 2),201,11,76,0.378109452736
IDN_SMK_071_A2_0.txt,(3, 1),208,14,84,0.403846153846
IDN_SMK_072_B1_2.txt,(3, 0),207,15,80,0.386473429952
IDN_SMK_073_B1_2.txt,(1, 8),244,13,86,0.352459016393
IDN_SMK_074_B1_1.txt,(0, 1),197,14,76,0.38578680203
IDN_SMK_075_A2_0.txt,(0, 1),226,25,70,0.309734513274
IDN_SMK_076_B1_2.txt,(0, 0),228,12,84,0.368421052632
IDN_SMK_077_B1_2.txt,(0, 6),206,13,71,0.344660194175
IDN_SMK_078_B1_2.txt,(0, 0),248,20,90,0.362903225806
IDN_SMK_079_B1_1.txt,(0, 0),223,22,101,0.452914798206
IDN_SMK_080_A2_0.txt,(1, 1),208,17,80,0.384615384615
IDN_SMK_081_B1_1.txt,(0, 6),288,18,107,0.371527777778
IDN_SMK_082_B1_2.txt,(0, 5),273,11,96,0.351648351648
IDN_SMK_083_B1_1.txt,(3, 3),205,11,76,0.370731707317
IDN_SMK_084_B1_1.txt,(0, 3),232,17,95,0.409482758621
IDN_SMK_085_B1_2.txt,(1, 5),201,16,66,0.328358208955
IDN_SMK_086_B1_2.txt,(0, 0),206,9,56,0.271844660194
IDN_SMK_087_B1_1.txt,(0, 0),209,16,77,0.368421052632
IDN_SMK_088_B1_1.txt,(2, 2),241,14,98,0.406639004149
IDN_SMK_089_B1_1.txt,(1, 1),266,16,105,0.394736842105
IDN_SMK_090_B1_2.txt,(0, 4),287,15,104,0.362369337979
IDN_SMK_091_B1_2.txt,(0, 4),266,22,115,0.432330827068
IDN_SMK_092_B1_1.txt,(0, 1),209,12,94,0.44976076555
IDN_SMK_093_B1_1.txt,(2, 10),265,29,109,0.411320754717
IDN_SMK_094_A2_0.txt,(1, 7),226,15,76,0.336283185841
IDN_SMK_095_A2_0.txt,(0, 9),294,12,99,0.336734693878
IDN_SMK_096_B1_1.txt,(0, 0),214,17,91,0.42523364486
IDN_SMK_097_A2_0.txt,(2, 2),198,18,90,0.454545454545
IDN_SMK_098_B1_2.txt,(1, 1),214,8,57,0.266355140187
IDN_SMK_099_B1_2.txt,(0, 2),229,22,92,0.401746724891
IDN_SMK_100_B1_2.txt,(0, 1),253,19,114,0.450592885375
IDN_SMK_101_B1_2.txt,(1, 0),206,13,79,0.383495145631
IDN_SMK_102_B1_1.txt,(0, 1),219,11,79,0.360730593607
IDN_SMK_103_B1_1.txt,(3, 11),199,12,69,0.346733668342
IDN_SMK_104_B1_1.txt,(0, 0),242,13,106,0.438016528926
IDN_SMK_105_B1_1.txt,(1, 0),200,16,74,0.37
IDN_SMK_106_B1_1.txt,(5, 3),211,19,93,0.440758293839
IDN_SMK_107_B1_2.txt,(0, 4),247,16,91,0.368421052632
IDN_SMK_108_B1_2.txt,(2, 0),223,24,97,0.434977578475
IDN_SMK_109_B1_1.txt,(0, 0),206,20,77,0.373786407767
IDN_SMK_110_A2_0.txt,(1, 8),286,16,97,0.339160839161
IDN_SMK_111_B1_2.txt,(0, 0),208,14,90,0.432692307692
IDN_SMK_112_B1_1.txt,(1, 10),243,10,94,0.38683127572
IDN_SMK_113_B1_2.txt,(1, 7),298,12,114,0.38255033557
IDN_SMK_114_B1_2.txt,(2, 0),198,14,79,0.39898989899
IDN_SMK_115_B1_2.txt,(0, 1),224,14,95,0.424107142857
IDN_SMK_116_B1_1.txt,(2, 2),206,17,88,0.427184466019
IDN_SMK_117_B1_2.txt,(0, 0),212,9,72,0.339622641509
IDN_SMK_118_B1_1.txt,(0, 11),225,13,96,0.426666666667
IDN_SMK_119_A2_0.txt,(0, 0),234,18,86,0.367521367521
IDN_SMK_120_B1_1.txt,(1, 1),213,11,85,0.399061032864
IDN_SMK_121_B1_1.txt,(0, 10),298,18,110,0.369127516779
IDN_SMK_122_B1_1.txt,(0, 0),213,21,94,0.441314553991
IDN_SMK_123_B1_1.txt,(2, 1),215,11,74,0.344186046512
IDN_SMK_124_B1_1.txt,(2, 0),217,14,90,0.414746543779
IDN_SMK_125_B1_1.txt,(2, 5),286,15,117,0.409090909091
IDN_SMK_126_A2_0.txt,(0, 0),213,19,73,0.342723004695
IDN_SMK_127_B1_1.txt,(2, 4),221,11,83,0.37556561086
IDN_SMK_128_A2_0.txt,(3, 0),192,16,70,0.364583333333
IDN_SMK_129_B1_1.txt,(0, 0),212,16,91,0.429245283019
IDN_SMK_130_B1_2.txt,(1, 3),239,12,91,0.380753138075
IDN_SMK_131_B1_2.txt,(1, 1),213,21,83,0.389671361502
IDN_SMK_132_B1_2.txt,(0, 0),208,26,78,0.375
IDN_SMK_133_B1_2.txt,(0, 10),240,15,88,0.366666666667
IDN_SMK_134_B1_1.txt,(3, 2),205,12,72,0.351219512195
IDN_SMK_135_B1_2.txt,(0, 8),262,16,96,0.36641221374
IDN_SMK_136_B1_2.txt,(0, 0),247,14,100,0.404858299595
IDN_SMK_137_A2_0.txt,(0, 10),268,19,95,0.35447761194
IDN_SMK_138_B1_1.txt,(2, 0),224,14,95,0.424107142857
IDN_SMK_139_B1_1.txt,(0, 4),252,16,95,0.376984126984
IDN_SMK_140_B1_1.txt,(2, 1),209,11,75,0.358851674641
IDN_SMK_141_B1_1.txt,(0, 10),280,23,122,0.435714285714
IDN_SMK_142_B1_2.txt,(0, 3),226,15,89,0.393805309735
IDN_SMK_143_B1_1.txt,(1, 2),205,12,75,0.365853658537
IDN_SMK_144_B1_1.txt,(1, 2),202,16,71,0.351485148515
IDN_SMK_145_B1_1.txt,(1, 1),201,13,77,0.383084577114
IDN_SMK_146_B1_1.txt,(0, 0),211,19,82,0.388625592417
IDN_SMK_147_B1_2.txt,(1, 0),212,30,98,0.462264150943
IDN_SMK_148_B1_2.txt,(1, 8),267,15,91,0.340823970037
IDN_SMK_149_B1_2.txt,(0, 0),245,12,83,0.338775510204
IDN_SMK_150_B1_2.txt,(0, 2),226,12,79,0.349557522124
IDN_SMK_151_A2_0.txt,(0, 7),268,14,116,0.432835820896
IDN_SMK_152_B1_2.txt,(1, 0),282,12,109,0.386524822695
IDN_SMK_153_B1_2.txt,(0, 15),278,14,99,0.356115107914
IDN_SMK_154_A2_0.txt,(5, 6),212,10,80,0.377358490566
IDN_SMK_155_B1_2.txt,(0, 9),273,13,113,0.413919413919
IDN_SMK_156_B1_1.txt,(2, 1),211,17,87,0.412322274882
IDN_SMK_157_B1_1.txt,(0, 2),207,13,85,0.410628019324
IDN_SMK_158_B1_2.txt,(1, 0),209,13,77,0.368421052632
IDN_SMK_159_B1_2.txt,(0, 7),209,19,84,0.401913875598
IDN_SMK_160_B1_2.txt,(0, 6),259,16,106,0.409266409266
IDN_SMK_161_B2_0.txt,(0, 1),224,20,96,0.428571428571
IDN_SMK_162_B1_1.txt,(1, 0),210,17,85,0.404761904762
IDN_SMK_163_B1_1.txt,(0, 0),204,11,81,0.397058823529
IDN_SMK_164_B1_2.txt,(0, 1),202,8,65,0.321782178218
IDN_SMK_165_B1_2.txt,(2, 13),277,13,90,0.324909747292
IDN_SMK_166_B1_1.txt,(0, 6),286,19,127,0.444055944056
IDN_SMK_167_A2_0.txt,(1, 7),257,17,102,0.396887159533
IDN_SMK_168_B1_2.txt,(0, 6),212,17,91,0.429245283019
IDN_SMK_169_B1_2.txt,(0, 2),205,12,75,0.365853658537
IDN_SMK_170_B1_1.txt,(0, 2),212,14,78,0.367924528302
IDN_SMK_171_B1_2.txt,(0, 2),206,15,77,0.373786407767
IDN_SMK_172_B1_2.txt,(3, 1),243,16,94,0.38683127572
IDN_SMK_173_B1_2.txt,(4, 9),278,15,106,0.381294964029
IDN_SMK_174_B1_1.txt,(0, 0),201,12,86,0.427860696517
IDN_SMK_175_B1_1.txt,(1, 1),208,18,96,0.461538461538
IDN_SMK_176_B1_1.txt,(1, 13),292,13,99,0.33904109589
IDN_SMK_177_B2_0.txt,(1, 8),256,23,103,0.40234375
IDN_SMK_178_B2_0.txt,(3, 11),264,16,108,0.409090909091
IDN_SMK_179_A2_0.txt,(0, 0),243,16,87,0.358024691358
IDN_SMK_180_B1_2.txt,(0, 0),203,22,83,0.408866995074
IDN_SMK_181_B1_2.txt,(2, 3),245,16,97,0.395918367347
IDN_SMK_182_A2_0.txt,(0, 0),213,12,78,0.366197183099
IDN_SMK_183_B1_1.txt,(0, 0),206,18,76,0.368932038835
IDN_SMK_184_B1_2.txt,(1, 2),225,11,86,0.382222222222
IDN_SMK_185_B1_1.txt,(2, 2),224,17,96,0.428571428571
IDN_SMK_186_A2_0.txt,(0, 1),214,71,99,0.46261682243
IDN_SMK_187_B1_2.txt,(0, 9),270,18,92,0.340740740741
IDN_SMK_188_B1_2.txt,(1, 0),213,13,76,0.356807511737
IDN_SMK_189_B1_2.txt,(0, 8),282,12,113,0.400709219858
IDN_SMK_190_B1_2.txt,(2, 1),202,12,74,0.366336633663
IDN_SMK_191_A2_0.txt,(0, 2),224,32,97,0.433035714286
IDN_SMK_192_B1_2.txt,(1, 3),208,12,63,0.302884615385
IDN_SMK_193_A2_0.txt,(0, 9),260,18,98,0.376923076923
IDN_SMK_194_B1_2.txt,(0, 2),204,15,95,0.46568627451
IDN_SMK_195_B1_1.txt,(0, 0),205,17,76,0.370731707317
IDN_SMK_196_B1_2.txt,(0, 7),286,13,116,0.405594405594
IDN_SMK_197_B1_2.txt,(0, 0),243,12,100,0.411522633745
IDN_SMK_198_B1_2.txt,(0, 2),204,18,70,0.343137254902
IDN_SMK_199_A2_0.txt,(0, 0),226,16,87,0.384955752212
IDN_SMK_200_B1_1.txt,(1, 1),200,11,78,0.39