JPN_PTJ_001_B1_1.txt,(1, 4),206,12,76,0.368932038835
JPN_PTJ_002_B1_2.txt,(0, 0),181,15,63,0.348066298343
JPN_PTJ_003_A2_0.txt,(1, 0),211,11,89,0.421800947867
JPN_PTJ_004_B2_0.txt,(0, 1),207,11,83,0.400966183575
JPN_PTJ_005_B2_0.txt,(0, 0),211,11,82,0.388625592417
JPN_PTJ_006_B1_1.txt,(1, 3),223,13,92,0.412556053812
JPN_PTJ_007_A2_0.txt,(0, 0),222,12,91,0.40990990991
JPN_PTJ_008_B1_1.txt,(2, 7),298,10,114,0.38255033557
JPN_PTJ_009_B2_0.txt,(0, 0),229,16,96,0.419213973799
JPN_PTJ_010_B1_2.txt,(0, 3),229,11,84,0.366812227074
JPN_PTJ_011_B2_0.txt,(0, 0),205,15,84,0.409756097561
JPN_PTJ_012_B2_0.txt,(0, 1),227,18,91,0.400881057269
JPN_PTJ_013_A2_0.txt,(0, 7),214,13,75,0.35046728972
JPN_PTJ_014_B1_1.txt,(0, 5),270,15,120,0.444444444444
JPN_PTJ_015_B1_2.txt,(0, 5),271,14,112,0.413284132841
JPN_PTJ_016_B1_2.txt,(1, 0),201,11,72,0.358208955224
JPN_PTJ_017_B2_0.txt,(0, 1),212,14,86,0.405660377358
JPN_PTJ_018_B1_1.txt,(0, 0),179,11,60,0.335195530726
JPN_PTJ_019_B1_2.txt,(0, 3),260,15,99,0.380769230769
JPN_PTJ_020_B1_2.txt,(0, 1),224,14,82,0.366071428571
JPN_PTJ_021_B1_2.txt,(0, 0),218,15,84,0.385321100917
JPN_PTJ_022_B1_1.txt,(0, 0),218,16,103,0.47247706422
JPN_PTJ_023_B2_0.txt,(0, 7),295,14,117,0.396610169492
JPN_PTJ_024_B1_1.txt,(0, 1),178,14,71,0.398876404494
JPN_PTJ_025_B1_2.txt,(0, 0),201,11,67,0.333333333333
JPN_PTJ_026_B1_1.txt,(1, 2),253,10,91,0.359683794466
JPN_PTJ_027_A2_0.txt,(0, 0),204,10,71,0.348039215686
JPN_PTJ_028_A2_0.txt,(0, 0),208,9,77,0.370192307692
JPN_PTJ_029_B1_1.txt,(0, 0),211,13,83,0.39336492891
JPN_PTJ_030_B1_1.txt,(0, 0),201,9,73,0.363184079602
JPN_PTJ_031_B1_2.txt,(0, 6),233,12,87,0.37339055794
JPN_PTJ_032_B1_1.txt,(1, 11),226,11,91,0.402654867257
JPN_PTJ_033_A2_0.txt,(0, 3),228,19,90,0.394736842105
JPN_PTJ_034_B2_0.txt,(1, 3),203,15,83,0.408866995074
JPN_PTJ_035_B2_0.txt,(0, 0),227,15,93,0.409691629956
JPN_PTJ_036_A2_0.txt,(0, 2),203,10,81,0.399014778325
JPN_PTJ_037_B1_1.txt,(0, 2),200,10,80,0.4
JPN_PTJ_038_A2_0.txt,(0, 2),202,10,57,0.282178217822
JPN_PTJ_039_B1_1.txt,(0, 2),212,11,77,0.36320754717
JPN_PTJ_040_B1_2.txt,(0, 0),204,11,76,0.372549019608
JPN_PTJ_041_B2_0.txt,(0, 0),292,18,116,0.397260273973
JPN_PTJ_042_B2_0.txt,(1, 0),240,12,108,0.45
JPN_PTJ_043_A2_0.txt,(2, 1),190,10,76,0.4
JPN_PTJ_044_B1_1.txt,(0, 3),205,22,96,0.468292682927
JPN_PTJ_045_B1_1.txt,(0, 1),202,15,85,0.420792079208
JPN_PTJ_046_B1_1.txt,(0, 0),180,12,82,0.455555555556
JPN_PTJ_047_B2_0.txt,(0, 5),261,17,100,0.383141762452
JPN_PTJ_048_B1_2.txt,(0, 0),214,11,85,0.397196261682
JPN_PTJ_049_B1_2.txt,(0, 3),205,14,87,0.424390243902
JPN_PTJ_050_B1_1.txt,(0, 0),214,11,86,0.401869158879
JPN_PTJ_051_B1_1.txt,(0, 0),242,14,97,0.400826446281
JPN_PTJ_052_A2_0.txt,(0, 1),202,15,80,0.39603960396
JPN_PTJ_053_B1_1.txt,(0, 0),173,10,62,0.35838150289
JPN_PTJ_054_B2_0.txt,(0, 5),219,14,87,0.397260273973
JPN_PTJ_055_B1_1.txt,(0, 0),207,11,80,0.386473429952
JPN_PTJ_056_B1_2.txt,(1, 0),224,12,97,0.433035714286
JPN_PTJ_057_B1_1.txt,(2, 6),209,11,83,0.397129186603
JPN_PTJ_058_B1_2.txt,(0, 0),225,14,90,0.4
JPN_PTJ_059_B1_1.txt,(0, 5),202,11,68,0.336633663366
JPN_PTJ_060_B1_1.txt,(0, 0),210,19,94,0.447619047619
JPN_PTJ_061_B1_1.txt,(0, 0),203,12,76,0.374384236453
JPN_PTJ_062_B1_1.txt,(0, 1),258,10,83,0.321705426357
JPN_PTJ_063_B1_1.txt,(0, 1),215,15,76,0.353488372093
JPN_PTJ_064_B1_1.txt,(0, 0),200,13,79,0.395
JPN_PTJ_065_B1_2.txt,(0, 6),210,15,88,0.419047619048
JPN_PTJ_066_B1_1.txt,(1, 0),207,7,62,0.299516908213
JPN_PTJ_067_B1_2.txt,(0, 0),217,18,97,0.447004608295
JPN_PTJ_068_A2_0.txt,(0, 0),225,14,88,0.391111111111
JPN_PTJ_069_B2_0.txt,(0, 2),207,7,62,0.299516908213
JPN_PTJ_070_A2_0.txt,(0, 2),231,12,100,0.4329004329
JPN_PTJ_071_B1_1.txt,(1, 4),274,12,121,0.441605839416
JPN_PTJ_072_B1_1.txt,(0, 4),206,13,87,0.422330097087
JPN_PTJ_073_B1_2.txt,(2, 0),218,10,88,0.403669724771
JPN_PTJ_074_A2_0.txt,(1, 0),205,10,67,0.326829268293
JPN_PTJ_075_A2_0.txt,(1, 2),272,14,112,0.411764705882
JPN_PTJ_076_A2_0.txt,(1, 0),230,15,93,0.404347826087
JPN_PTJ_077_B1_1.txt,(0, 1),199,11,71,0.356783919598
JPN_PTJ_078_A2_0.txt,(0, 2),210,14,91,0.433333333333
JPN_PTJ_079_A2_0.txt,(0, 0),224,11,92,0.410714285714
JPN_PTJ_080_A2_0.txt,(0, 1),204,18,94,0.460784313725
JPN_PTJ_081_B1_1.txt,(0, 0),219,9,85,0.388127853881
JPN_PTJ_082_A2_0.txt,(0, 0),234,10,84,0.358974358974
JPN_PTJ_083_A2_0.txt,(0, 0),201,8,76,0.378109452736
JPN_PTJ_084_A2_0.txt,(0, 0),206,12,86,0.417475728155
JPN_PTJ_085_A2_0.txt,(0, 1),236,10,94,0.398305084746
JPN_PTJ_086_A2_0.txt,(0, 1),205,9,75,0.365853658537
JPN_PTJ_087_B1_1.txt,(0, 0),223,9,73,0.32735426009
JPN_PTJ_088_B1_1.txt,(0, 3),207,10,76,0.367149758454
JPN_PTJ_089_A2_0.txt,(0, 1),204,12,80,0.392156862745
JPN_PTJ_090_A2_0.txt,(0, 2),210,16,83,0.395238095238
JPN_PTJ_091_B1_1.txt,(0, 5),218,11,87,0.399082568807
JPN_PTJ_092_A2_0.txt,(1, 0),186,16,81,0.435483870968
JPN_PTJ_093_A2_0.txt,(2, 1),217,7,66,0.304147465438
JPN_PTJ_094_A2_0.txt,(0, 2),236,9,91,0.385593220339
JPN_PTJ_095_A2_0.txt,(0, 1),232,16,100,0.431034482759
JPN_PTJ_096_B1_1.txt,(0, 0),203,7,69,0.339901477833
JPN_PTJ_097_B1_2.txt,(0, 0),219,14,76,0.34703196347
JPN_PTJ_098_A2_0.txt,(0, 0),200,10,90,0.45
JPN_PTJ_099_A2_0.txt,(0, 0),205,12,81,0.39512195122
JPN_PTJ_100_A2_0.txt,(0, 0),215,11,87,0.404651162791
JPN_PTJ_101_B1_1.txt,(0, 0),206,9,70,0.339805825243
JPN_PTJ_102_A2_0.txt,(2, 1),205,9,73,0.356097560976
JPN_PTJ_103_B1_1.txt,(0, 3),209,13,85,0.406698564593
JPN_PTJ_104_B1_1.txt,(2, 0),223,13,92,0.412556053812
JPN_PTJ_105_A2_0.txt,(0, 7),290,14,115,0.396551724138
JPN_PTJ_106_A2_0.txt,(0, 2),214,10,82,0.383177570093
JPN_PTJ_107_B1_1.txt,(0, 0),203,9,65,0.320197044335
JPN_PTJ_108_A2_0.txt,(2, 4),280,12,105,0.375
JPN_PTJ_109_A2_0.txt,(0, 0),215,11,86,0.4
JPN_PTJ_110_A2_0.txt,(1, 11),296,13,115,0.388513513514
JPN_PTJ_111_A2_0.txt,(0, 0),223,13,74,0.331838565022
JPN_PTJ_112_A2_0.txt,(0, 0),203,11,76,0.374384236453
JPN_PTJ_113_B1_1.txt,(0, 0),264,11,120,0.454545454545
JPN_PTJ_114_A2_0.txt,(0, 1),297,13,132,0.444444444444
JPN_PTJ_115_B1_1.txt,(0, 0),255,14,105,0.411764705882
JPN_PTJ_116_A2_0.txt,(0, 4),270,11,105,0.388888888889
JPN_PTJ_117_A2_0.txt,(2, 0),231,19,100,0.4329004329
JPN_PTJ_118_A2_0.txt,(1, 0),203,11,80,0.394088669951
JPN_PTJ_119_A2_0.txt,(0, 0),212,8,73,0.344339622642
JPN_PTJ_120_B1_1.txt,(0, 0),236,18,101,0.427966101695
JPN_PTJ_121_A2_0.txt,(1, 1),201,14,93,0.462686567164
JPN_PTJ_122_B1_1.txt,(0, 6),191,10,80,0.418848167539
JPN_PTJ_123_B1_1.txt,(1, 2),265,13,97,0.366037735849
JPN_PTJ_124_A2_0.txt,(0, 7),203,14,80,0.394088669951
JPN_PTJ_125_B1_1.txt,(0, 2),219,11,92,0.420091324201
JPN_PTJ_126_A2_0.txt,(2, 1),201,13,70,0.348258706468
JPN_PTJ_127_A2_0.txt,(0, 0),221,14,94,0.425339366516
JPN_PTJ_128_B1_1.txt,(0, 0),239,11,92,0.384937238494
JPN_PTJ_129_B1_1.txt,(6, 11),292,12,112,0.383561643836
JPN_PTJ_130_A2_0.txt,(0, 5),254,9,99,0.389763779528
JPN_PTJ_131_B1_1.txt,(0, 0),203,12,74,0.364532019704
JPN_PTJ_132_B1_1.txt,(0, 1),210,11,79,0.37619047619
JPN_PTJ_133_A2_0.txt,(0, 0),201,11,66,0.328358208955
JPN_PTJ_134_A2_0.txt,(0, 1),180,12,74,0.411111111111
JPN_PTJ_135_A2_0.txt,(0, 0),207,13,79,0.381642512077
JPN_PTJ_136_A2_0.txt,(1, 2),204,10,81,0.397058823529
JPN_PTJ_137_B1_2.txt,(1, 0),204,15,79,0.387254901961
JPN_PTJ_138_B1_1.txt,(0, 3),204,11,80,0.392156862745
JPN_PTJ_139_B1_1.txt,(0, 4),261,10,93,0.35632183908
JPN_PTJ_140_B1_1.txt,(0, 0),223,13,95,0.42600896861
JPN_PTJ_141_A2_0.txt,(0, 1),236,14,106,0.449152542373
JPN_PTJ_142_B1_1.txt,(1, 2),198,12,81,0.409090909091
JPN_PTJ_143_B1_1.txt,(0, 0),199,9,76,0.381909547739
JPN_PTJ_144_A2_0.txt,(1, 9),216,13,92,0.425925925926
JPN_PTJ_145_A2_0.txt,(0, 6),214,11,85,0.397196261682
JPN_PTJ_146_A2_0.txt,(0, 0),249,16,102,0.409638554217
JPN_PTJ_147_A2_0.txt,(0, 0),272,17,127,0.466911764706
JPN_PTJ_148_A2_0.txt,(0, 3),229,10,72,0.314410480349
JPN_PTJ_149_B1_1.txt,(0, 0),230,10,79,0.34347826087
JPN_PTJ_150_B1_1.txt,(0, 6),276,13,113,0.409420289855
JPN_PTJ_151_A2_0.txt,(0, 0),243,9,81,0.333333333333
JPN_PTJ_152_B1_1.txt,(0, 2),206,11,76,0.368932038835
JPN_PTJ_153_B1_2.txt,(2, 0),240,11,93,0.3875
JPN_PTJ_154_B1_1.txt,(0, 0),202,10,78,0.386138613861
JPN_PTJ_155_B1_1.txt,(0, 0),213,10,69,0.323943661972
JPN_PTJ_156_B1_1.txt,(0, 0),201,11,77,0.383084577114
JPN_PTJ_157_B1_1.txt,(0, 0),215,10,74,0.344186046512
JPN_PTJ_158_A2_0.txt,(0, 5),300,18,112,0.373333333333
JPN_PTJ_159_A2_0.txt,(0, 1),210,10,81,0.385714285714
JPN_PTJ_160_B1_1.txt,(0, 1),219,11,82,0.374429223744
JPN_PTJ_161_A2_0.txt,(0, 0),228,10,93,0.407894736842
JPN_PTJ_162_A2_0.txt,(0, 0),224,18,89,0.397321428571
JPN_PTJ_163_A2_0.txt,(0, 0),235,14,95,0.404255319149
JPN_PTJ_164_B1_1.txt,(0, 1),203,11,78,0.384236453202
JPN_PTJ_165_B1_1.txt,(0, 0),249,10,108,0.433734939759
JPN_PTJ_166_B1_1.txt,(1, 0),226,16,86,0.380530973451
JPN_PTJ_167_A2_0.txt,(0, 0),218,12,93,0.426605504587
JPN_PTJ_168_B1_2.txt,(0, 0),251,13,101,0.402390438247
JPN_PTJ_169_B1_2.txt,(0, 0),229,15,97,0.423580786026
JPN_PTJ_170_B1_2.txt,(1, 2),218,11,88,0.403669724771
JPN_PTJ_171_B1_1.txt,(1, 0),235,9,70,0.297872340426
JPN_PTJ_172_B1_1.txt,(0, 0),253,21,107,0.422924901186
JPN_PTJ_173_B1_1.txt,(0, 0),222,9,84,0.378378378378
JPN_PTJ_174_B1_1.txt,(0, 0),211,9,71,0.336492890995
JPN_PTJ_175_B1_1.txt,(0, 0),208,10,77,0.370192307692
JPN_PTJ_176_B1_1.txt,(0, 3),203,9,91,0.448275862069
JPN_PTJ_177_B1_2.txt,(0, 2),221,12,83,0.37556561086
JPN_PTJ_178_B1_1.txt,(0, 1),213,12,83,0.389671361502
JPN_PTJ_179_B1_2.txt,(0, 0),202,15,83,0.410891089109
JPN_PTJ_180_B1_1.txt,(1, 0),224,11,84,0.375
JPN_PTJ_181_A2_0.txt,(0, 0),211,11,86,0.407582938389
JPN_PTJ_182_A2_0.txt,(0, 7),296,16,127,0.429054054054
JPN_PTJ_183_A2_0.txt,(0, 1),202,11,73,0.361386138614
JPN_PTJ_184_A2_0.txt,(0, 0),201,13,71,0.353233830846
JPN_PTJ_185_A2_0.txt,(0, 0),221,11,84,0.380090497738
JPN_PTJ_186_A2_0.txt,(0, 5),276,15,113,0.409420289855
JPN_PTJ_187_B1_1.txt,(0, 0),202,11,81,0.40099009901
JPN_PTJ_188_A2_0.txt,(5, 10),212,10,69,0.325471698113
JPN_PTJ_189_B1_1.txt,(0, 0),222,12,93,0.418918918919
JPN_PTJ_190_A2_0.txt,(0, 9),298,10,114,0.38255033557
JPN_PTJ_191_B1_1.txt,(0, 0),217,11,83,0.382488479263
JPN_PTJ_192_A2_0.txt,(1, 9),185,10,69,0.372972972973
JPN_PTJ_193_B1_1.txt,(0, 0),209,16,89,0.425837320574
JPN_PTJ_194_A2_0.txt,(0, 1),228,12,97,0.425438596491
JPN_PTJ_195_B1_1.txt,(0, 0),209,13,73,0.349282296651
JPN_PTJ_196_B1_1.txt,(0, 0),230,12,94,0.408695652174
JPN_PTJ_197_B1_1.txt,(0, 1),218,9,83,0.380733944954
JPN_PTJ_198_B1_1.txt,(0, 5),199,15,78,0.391959798995
JPN_PTJ_199_A2_0.txt,(1, 1),219,12,92,0.420091324201
JPN_PTJ_200_B1_1.txt,(0, 2),264,15,117,0.443181818182
JPN_PTJ_201_A2_0.txt,(0, 5),229,9,88,0.384279475983
JPN_PTJ_202_B1_1.txt,(0, 3),212,14,96,0.452830188679
JPN_PTJ_203_A2_0.txt,(0, 0),206,10,83,0.402912621359
JPN_PTJ_204_A2_0.txt,(0, 0),211,11,89,0.421800947867
JPN_PTJ_205_A2_0.txt,(0, 0),237,12,84,0.354430379747
JPN_PTJ_206_A2_0.txt,(0, 0),204,13,83,0.406862745098
JPN_PTJ_207_B1_1.txt,(1, 2),187,12,78,0.417112299465
JPN_PTJ_208_A2_0.txt,(0, 1),207,18,100,0.48309178744
JPN_PTJ_209_B1_1.txt,(0, 0),242,12,89,0.367768595041
JPN_PTJ_210_B1_1.txt,(0, 2),216,13,96,0.444444444444
JPN_PTJ_211_B1_1.txt,(0, 0),221,14,101,0.457013574661
JPN_PTJ_212_B1_1.txt,(0, 0),238,13,111,0.466386554622
JPN_PTJ_213_B1_1.txt,(0, 0),223,10,90,0.403587443946
JPN_PTJ_214_A2_0.txt,(0, 0),208,18,89,0.427884615385
JPN_PTJ_215_B1_1.txt,(0, 0),221,13,89,0.402714932127
JPN_PTJ_216_B1_2.txt,(1, 1),211,15,87,0.412322274882
JPN_PTJ_217_B1_1.txt,(0, 10),214,11,87,0.406542056075
JPN_PTJ_218_B1_2.txt,(0, 1),226,13,87,0.384955752212
JPN_PTJ_219_B1_2.txt,(0, 0),215,15,96,0.446511627907
JPN_PTJ_220_B2_0.txt,(0, 1),253,11,98,0.387351778656
JPN_PTJ_221_B1_1.txt,(0, 0),202,11,90,0.445544554455
JPN_PTJ_222_B1_1.txt,(0, 0),213,15,89,0.417840375587
JPN_PTJ_223_B1_1.txt,(0, 0),203,11,82,0.4039408867
JPN_PTJ_224_B1_1.txt,(1, 1),204,9,64,0.313725490196
JPN_PTJ_225_B1_1.txt,(0, 0),230,12,93,0.404347826087
JPN_PTJ_226_A2_0.txt,(1, 4),248,12,96,0.387096774194
JPN_PTJ_227_B1_1.txt,(0, 1),202,18,92,0.455445544554
JPN_PTJ_228_A2_0.txt,(0, 2),205,11,79,0.385365853659
JPN_PTJ_229_B1_1.txt,(0, 0),223,11,85,0.381165919283
JPN_PTJ_230_B1_1.txt,(3, 7),213,11,85,0.399061032864
JPN_PTJ_231_A2_0.txt,(0, 0),208,13,90,0.432692307692
JPN_PTJ_232_B1_1.txt,(0, 1),200,16,91,0.455
JPN_PTJ_233_A2_0.txt,(1, 1),211,12,86,0.407582938389
JPN_PTJ_234_A2_0.txt,(0, 1),258,15,104,0.403100775194
JPN_PTJ_235_B1_1.txt,(0, 1),221,13,104,0.470588235294
JPN_PTJ_236_B1_1.txt,(0, 0),239,17,113,0.47280334728
JPN_PTJ_237_A2_0.txt,(0, 4),203,12,86,0.423645320197
JPN_PTJ_238_A2_0.txt,(0, 6),213,15,90,0.422535211268
JPN_PTJ_239_A2_0.txt,(1, 0),210,11,82,0.390476190476
JPN_PTJ_240_B1_1.txt,(2, 6),228,11,87,0.381578947368
JPN_PTJ_241_B1_2.txt,(1, 3),243,13,94,0.38683127572
JPN_PTJ_242_A2_0.txt,(0, 0),201,12,86,0.427860696517
JPN_PTJ_243_B1_1.txt,(0, 0),219,19,92,0.420091324201
JPN_PTJ_244_A2_0.txt,(0, 2),201,11,78,0.388059701493
JPN_PTJ_245_B1_2.txt,(0, 0),207,15,79,0.381642512077
JPN_PTJ_246_B1_2.txt,(0, 5),234,11,84,0.358974358974
JPN_PTJ_247_A2_0.txt,(0, 3),203,11,74,0.364532019704
JPN_PTJ_248_A2_0.txt,(0, 5),261,12,99,0.379310344828
JPN_PTJ_249_B1_1.txt,(0, 0),203,15,78,0.384236453202
JPN_PTJ_250_B1_1.txt,(0, 0),204,11,70,0.343137254902
JPN_PTJ_251_B1_1.txt,(0, 0),212,13,84,0.396226415094
JPN_PTJ_252_B1_1.txt,(0, 1),225,9,97,0.431111111111
JPN_PTJ_253_B1_1.txt,(1, 4),247,8,86,0.348178137652
JPN_PTJ_254_B1_1.txt,(0, 6),215,16,85,0.395348837209
JPN_PTJ_255_B1_1.txt,(0, 4),221,12,91,0.411764705882
JPN_PTJ_256_B1_2.txt,(0, 0),220,11,84,0.381818181818
JPN_PTJ_257_B1_2.txt,(0, 0),215,11,93,0.432558139535
JPN_PTJ_258_B1_1.txt,(1, 0),222,14,87,0.391891891892
JPN_PTJ_259_B1_1.txt,(0, 1),228,14,92,0.40350877193
JPN_PTJ_260_B1_1.txt,(0, 0),209,13,86,0.411483253589
JPN_PTJ_261_A2_0.txt,(0, 0),215,16,80,0.372093023256
JPN_PTJ_262_A2_0.txt,(2, 0),207,18,82,0.3961352657
JPN_PTJ_263_B1_1.txt,(0, 0),200,10,76,0.38
JPN_PTJ_264_B1_1.txt,(0, 7),226,9,84,0.371681415929
JPN_PTJ_265_A2_0.txt,(0, 1),208,13,82,0.394230769231
JPN_PTJ_266_B1_1.txt,(1, 1),229,9,76,0.331877729258
JPN_PTJ_267_B1_1.txt,(0, 1),222,17,96,0.432432432432
JPN_PTJ_268_B1_2.txt,(0, 4),219,9,77,0.351598173516
JPN_PTJ_269_B1_1.txt,(0, 0),201,13,81,0.402985074627
JPN_PTJ_270_A2_0.txt,(3, 15),218,15,78,0.357798165138
JPN_PTJ_271_B1_1.txt,(0, 2),241,12,95,0.394190871369
JPN_PTJ_272_B1_1.txt,(0, 0),237,12,96,0.405063291139
JPN_PTJ_273_A2_0.txt,(0, 2),205,10,74,0.360975609756
JPN_PTJ_274_A2_0.txt,(0, 1),200,12,78,0.39
JPN_PTJ_275_B1_1.txt,(0, 0),202,11,69,0.341584158416
JPN_PTJ_276_B1_1.txt,(0, 3),221,13,92,0.41628959276
JPN_PTJ_277_A2_0.txt,(0, 3),204,12,80,0.392156862745
JPN_PTJ_278_A2_0.txt,(0, 0),212,16,88,0.415094339623
JPN_PTJ_279_B1_2.txt,(0, 1),237,12,93,0.392405063291
JPN_PTJ_280_B1_2.txt,(0, 0),261,13,97,0.371647509579
JPN_PTJ_281_B1_1.txt,(0, 0),240,13,106,0.441666666667
JPN_PTJ_282_A2_0.txt,(0, 8),230,9,78,0.339130434783
JPN_PTJ_283_B1_1.txt,(1, 9),224,13,80,0.357142857143
JPN_PTJ_284_A2_0.txt,(0, 0),200,14,77,0.385
JPN_PTJ_285_B1_1.txt,(0, 1),207,11,89,0.429951690821
JPN_PTJ_286_B1_1.txt,(1, 1),221,13,87,0.393665158371
JPN_PTJ_287_A2_0.txt,(0, 0),215,10,82,0.381395348837
JPN_PTJ_288_A2_0.txt,(0, 0),228,10,81,0.355263157895
JPN_PTJ_289_A2_0.txt,(1, 0),216,11,84,0.388888888889
JPN_PTJ_290_B1_1.txt,(0, 1),235,11,94,0.4
JPN_PTJ_291_A2_0.txt,(2, 2),238,13,90,0.378151260504
JPN_PTJ_292_A2_0.txt,(0, 0),222,17,89,0.400900900901
JPN_PTJ_293_B1_1.txt,(0, 2),247,13,95,0.384615384615
JPN_PTJ_294_B1_2.txt,(1, 8),203,16,77,0.379310344828
JPN_PTJ_295_B1_1.txt,(0, 0),204,12,79,0.387254901961
JPN_PTJ_296_B1_1.txt,(0, 0),207,11,85,0.410628019324
JPN_PTJ_297_B2_0.txt,(0, 0),195,15,88,0.451282051282
JPN_PTJ_298_B1_2.txt,(0, 0),218,13,87,0.399082568807
JPN_PTJ_299_A2_0.txt,(0, 1),207,20,86,0.415458937198
JPN_PTJ_300_A2_0.txt,(1, 2),215,19,98,0.455813953488
JPN_PTJ_301_A2_0.txt,(0, 1),215,14,80,0.372093023256
JPN_PTJ_302_B2_0.txt,(0, 6),203,18,90,0.443349753695
JPN_PTJ_303_B1_1.txt,(2, 0),207,15,85,0.410628019324
JPN_PTJ_304_A2_0.txt,(1, 9),203,10,76,0.374384236453
JPN_PTJ_305_B1_1.txt,(0, 0),216,14,85,0.393518518519
JPN_PTJ_306_A2_0.txt,(0, 0),224,10,90,0.401785714286
JPN_PTJ_307_A2_0.txt,(0, 0),204,10,84,0.411764705882
JPN_PTJ_308_B1_2.txt,(0, 0),212,13,94,0.443396226415
JPN_PTJ_309_B1_2.txt,(0, 2),231,13,102,0.441558441558
JPN_PTJ_310_A2_0.txt,(0, 0),217,12,95,0.437788018433
JPN_PTJ_311_A2_0.txt,(0, 3),203,12,74,0.364532019704
JPN_PTJ_312_A2_0.txt,(0, 0),217,9,80,0.36866359447
JPN_PTJ_313_A2_0.txt,(2, 0),238,15,104,0.436974789916
JPN_PTJ_314_B1_1.txt,(0, 0),198,9,67,0.338383838384
JPN_PTJ_315_B1_1.txt,(0, 0),207,10,70,0.338164251208
JPN_PTJ_316_B1_2.txt,(0, 4),255,15,111,0.435294117647
JPN_PTJ_317_B1_1.txt,(0, 0),228,10,92,0.40350877193
JPN_PTJ_318_B1_1.txt,(0, 2),204,10,68,0.333333333333
JPN_PTJ_319_A2_0.txt,(4, 5),244,8,87,0.356557377049
JPN_PTJ_320_B1_1.txt,(0, 0),225,9,81,0.36
JPN_PTJ_321_B1_1.txt,(0, 0),228,13,99,0.434210526316
JPN_PTJ_322_B1_1.txt,(1, 3),206,12,66,0.320388349515
JPN_PTJ_323_B1_1.txt,(0, 0),203,13,74,0.364532019704
JPN_PTJ_324_B1_1.txt,(0, 0),206,14,89,0.432038834951
JPN_PTJ_325_B1_2.txt,(0, 0),254,12,94,0.370078740157
JPN_PTJ_326_B1_1.txt,(0, 0),254,14,112,0.44094488189
JPN_PTJ_327_A2_0.txt,(0, 3),211,12,90,0.42654028436
JPN_PTJ_328_B1_1.txt,(0, 6),280,11,97,0.346428571429
JPN_PTJ_329_B1_1.txt,(6, 4),210,14,75,0.357142857143
JPN_PTJ_330_B1_2.txt,(0, 3),255,14,103,0.403921568627
JPN_PTJ_331_A2_0.txt,(0, 0),236,14,90,0.381355932203
JPN_PTJ_332_B1_1.txt,(1, 5),232,10,90,0.387931034483
JPN_PTJ_333_A2_0.txt,(0, 0),193,11,71,0.367875647668
JPN_PTJ_334_B1_1.txt,(0, 2),210,10,70,0.333333333333
JPN_PTJ_335_B1_1.txt,(0, 2),244,9,81,0.331967213115
JPN_PTJ_336_B1_1.txt,(0, 0),202,14,74,0.366336633663
JPN_PTJ_337_B1_1.txt,(1, 0),202,13,89,0.440594059406
JPN_PTJ_338_A2_0.txt,(1, 0),201,9,78,0.388059701493
JPN_PTJ_339_B1_1.txt,(0, 1),211,10,74,0.350710900474
JPN_PTJ_340_A2_0.txt,(0, 0),206,14,88,0.427184466019
JPN_PTJ_341_B1_1.txt,(0, 0),222,17,100,0.45045045045
JPN_PTJ_342_A2_0.txt,(0, 1),226,11,99,0.438053097345
JPN_PTJ_343_A2_0.txt,(1, 1),225,12,103,0.457777777778
JPN_PTJ_344_A2_0.txt,(0, 0),227,9,84,0.370044052863
JPN_PTJ_345_B1_1.txt,(0, 0),223,11,88,0.394618834081
JPN_PTJ_346_A2_0.txt,(1, 7),203,11,77,0.379310344828
JPN_PTJ_347_A2_0.txt,(0, 0),211,11,79,0.374407582938
JPN_PTJ_348_B1_1.txt,(0, 4),201,13,78,0.388059701493
JPN_PTJ_349_B1_1.txt,(1, 7),207,10,76,0.367149758454
JPN_PTJ_350_A2_0.txt,(2, 1),202,12,67,0.331683168317
JPN_PTJ_351_B1_1.txt,(0, 1),185,10,71,0.383783783784
JPN_PTJ_352_B1_2.txt,(0, 4),196,12,64,0.326530612245
JPN_PTJ_353_A2_0.txt,(1, 1),219,13,86,0.392694063927
JPN_PTJ_354_B1_1.txt,(0, 2),213,10,79,0.370892018779
JPN_PTJ_355_A2_0.txt,(0, 0),205,14,91,0.443902439024
JPN_PTJ_356_A2_0.txt,(0, 0),258,16,95,0.368217054264
JPN_PTJ_357_A2_0.txt,(0, 0),212,21,104,0.490566037736
JPN_PTJ_358_A2_0.txt,(2, 3),227,10,75,0.330396475771
JPN_PTJ_359_B1_1.txt,(1, 2),202,11,71,0.351485148515
JPN_PTJ_360_B1_1.txt,(1, 1),225,12,77,0.342222222222
JPN_PTJ_361_B1_1.txt,(0, 5),223,18,91,0.408071748879
JPN_PTJ_362_A2_0.txt,(0, 0),203,9,56,0.275862068966
JPN_PTJ_363_A2_0.txt,(1, 6),213,13,78,0.366197183099
JPN_PTJ_364_A2_0.txt,(0, 2),243,12,93,0.382716049383
JPN_PTJ_365_A2_0.txt,(0, 4),220,14,81,0.368181818182
JPN_PTJ_366_B1_1.txt,(0, 6),209,11,84,0.401913875598
JPN_PTJ_367_A2_0.txt,(1, 1),201,10,84,0.417910447761
JPN_PTJ_368_B1_1.txt,(0, 4),248,13,103,0.415322580645
JPN_PTJ_369_B1_1.txt,(0, 1),200,9,56,0.28
JPN_PTJ_370_A2_0.txt,(0, 3),206,11,82,0.398058252427
JPN_PTJ_371_B1_1.txt,(1, 0),229,15,91,0.397379912664
JPN_PTJ_372_B1_1.txt,(1, 0),221,13,87,0.393665158371
JPN_PTJ_373_B1_1.txt,(0, 11),254,14,102,0.40157480315
JPN_PTJ_374_B1_1.txt,(0, 7),272,13,106,0.389705882353
JPN_PTJ_375_B2_0.txt,(0, 4),264,13,104,0.393939393939
JPN_PTJ_376_B1_1.txt,(0, 0),227,11,92,0.405286343612
JPN_PTJ_377_B1_1.txt,(1, 4),252,9,91,0.361111111111
JPN_PTJ_378_B1_1.txt,(0, 7),298,11,115,0.385906040268
JPN_PTJ_379_A2_0.txt,(2, 8),234,9,89,0.380341880342
JPN_PTJ_380_B1_2.txt,(0, 0),269,12,99,0.368029739777
JPN_PTJ_381_A2_0.txt,(0, 0),200,11,75,0.375
JPN_PTJ_382_B1_2.txt,(0, 0),208,13,87,0.418269230769
JPN_PTJ_383_B1_2.txt,(0, 1),247,11,97,0.392712550607
JPN_PTJ_384_B1_2.txt,(0, 0),221,17,96,0.434389140271
JPN_PTJ_385_B1_1.txt,(0, 0),204,12,78,0.382352941176
JPN_PTJ_386_B1_1.txt,(0, 0),220,14,96,0.436363636364
JPN_PTJ_387_A2_0.txt,(0, 0),204,12,85,0.416666666667
JPN_PTJ_388_B1_1.txt,(1, 2),226,14,84,0.371681415929
JPN_PTJ_389_B1_2.txt,(1, 3),202,14,89,0.440594059406
JPN_PTJ_390_B1_1.txt,(1, 1),210,13,87,0.414285714286
JPN_PTJ_391_A2_0.txt,(0, 0),206,11,78,0.378640776699
JPN_PTJ_392_B1_1.txt,(0, 0),202,10,74,0.366336633663
JPN_PTJ_393_A2_0.txt,(0, 0),242,11,88,0.363636363636
JPN_PTJ_394_A2_0.txt,(0, 0),200,16,88,0.44
JPN_PTJ_395_B1_1.txt,(0, 0),214,10,87,0.406542056075
JPN_PTJ_396_A2_0.txt,(0, 0),195,15,85,0.435897435897
JPN_PTJ_397_B1_1.txt,(1, 1),209,13,80,0.382775119617
JPN_PTJ_398_A2_0.txt,(0, 7),283,11,107,0.378091872792
JPN_PTJ_399_B1_1.txt,(0, 0),235,14,102,0.434042553191
JPN_PTJ_400_A2_0.txt,(0, 4),244,18,110,0.450819672131
JPN_SMK_001_B1_1.txt,(1, 0),181,10,67,0.370165745856
JPN_SMK_002_B1_2.txt,(0, 0),183,15,64,0.349726775956
JPN_SMK_003_A2_0.txt,(0, 0),218,11,81,0.371559633028
JPN_SMK_004_B2_0.txt,(0, 2),228,12,93,0.407894736842
JPN_SMK_005_B2_0.txt,(0, 0),200,9,69,0.345
JPN_SMK_006_B1_1.txt,(0, 5),228,15,100,0.438596491228
JPN_SMK_007_A2_0.txt,(0, 0),205,17,79,0.385365853659
JPN_SMK_008_B1_1.txt,(0, 9),294,10,102,0.34693877551
JPN_SMK_009_B2_0.txt,(0, 0),243,16,99,0.407407407407
JPN_SMK_010_B1_2.txt,(0, 0),231,12,85,0.367965367965
JPN_SMK_011_B2_0.txt,(0, 0),250,11,96,0.384
JPN_SMK_012_B2_0.txt,(0, 6),249,16,99,0.397590361446
JPN_SMK_013_A2_0.txt,(0, 0),203,11,68,0.334975369458
JPN_SMK_014_B1_1.txt,(0, 0),225,14,95,0.422222222222
JPN_SMK_015_B1_2.txt,(0, 9),304,16,129,0.424342105263
JPN_SMK_016_B1_2.txt,(0, 0),206,9,58,0.281553398058
JPN_SMK_017_B2_0.txt,(0, 2),212,17,92,0.433962264151
JPN_SMK_018_B1_1.txt,(0, 1),205,11,71,0.346341463415
JPN_SMK_019_B1_2.txt,(0, 1),221,12,101,0.457013574661
JPN_SMK_020_B1_2.txt,(0, 2),231,12,97,0.419913419913
JPN_SMK_021_B1_2.txt,(0, 0),220,12,83,0.377272727273
JPN_SMK_022_B1_1.txt,(0, 1),207,18,91,0.43961352657
JPN_SMK_023_B2_0.txt,(0, 0),230,12,74,0.321739130435
JPN_SMK_024_B1_1.txt,(0, 9),208,10,61,0.293269230769
JPN_SMK_025_B1_2.txt,(0, 0),201,12,69,0.34328358209
JPN_SMK_026_B1_1.txt,(0, 0),200,11,64,0.32
JPN_SMK_027_A2_0.txt,(0, 1),207,12,77,0.371980676329
JPN_SMK_028_A2_0.txt,(0, 0),199,8,51,0.256281407035
JPN_SMK_029_B1_1.txt,(0, 0),216,11,83,0.384259259259
JPN_SMK_030_B1_1.txt,(1, 2),197,10,64,0.324873096447
JPN_SMK_031_B1_2.txt,(0, 0),221,13,92,0.41628959276
JPN_SMK_032_B1_1.txt,(2, 16),198,12,66,0.333333333333
JPN_SMK_033_A2_0.txt,(0, 7),219,16,75,0.342465753425
JPN_SMK_034_B2_0.txt,(1, 0),210,14,84,0.4
JPN_SMK_035_B2_0.txt,(0, 0),200,11,72,0.36
JPN_SMK_036_A2_0.txt,(0, 0),212,11,84,0.396226415094
JPN_SMK_037_B1_1.txt,(0, 0),201,9,68,0.338308457711
JPN_SMK_038_A2_0.txt,(0, 5),205,10,67,0.326829268293
JPN_SMK_039_B1_1.txt,(0, 5),226,15,97,0.429203539823
JPN_SMK_040_B1_2.txt,(1, 0),204,10,75,0.367647058824
JPN_SMK_041_B2_0.txt,(0, 5),284,15,131,0.461267605634
JPN_SMK_042_B2_0.txt,(0, 0),220,13,86,0.390909090909
JPN_SMK_043_A2_0.txt,(0, 2),203,11,76,0.374384236453
JPN_SMK_044_B1_1.txt,(0, 0),208,17,83,0.399038461538
JPN_SMK_045_B1_1.txt,(1, 2),202,13,82,0.405940594059
JPN_SMK_046_B1_1.txt,(0, 0),201,13,79,0.393034825871
JPN_SMK_047_B2_0.txt,(0, 3),254,23,114,0.448818897638
JPN_SMK_048_B1_2.txt,(0, 6),201,11,70,0.348258706468
JPN_SMK_049_B1_2.txt,(0, 0),236,14,101,0.427966101695
JPN_SMK_050_B1_1.txt,(0, 0),210,9,75,0.357142857143
JPN_SMK_051_B1_1.txt,(0, 1),207,13,76,0.367149758454
JPN_SMK_052_A2_0.txt,(0, 0),201,12,82,0.407960199005
JPN_SMK_053_B1_1.txt,(0, 0),183,9,63,0.344262295082
JPN_SMK_054_B2_0.txt,(0, 0),205,15,77,0.375609756098
JPN_SMK_055_B1_1.txt,(0, 4),206,10,67,0.325242718447
JPN_SMK_056_B1_2.txt,(1, 0),216,14,89,0.412037037037
JPN_SMK_057_B1_1.txt,(0, 12),220,13,81,0.368181818182
JPN_SMK_058_B1_2.txt,(2, 3),252,11,93,0.369047619048
JPN_SMK_059_B1_1.txt,(0, 1),202,11,77,0.381188118812
JPN_SMK_060_B1_1.txt,(0, 5),211,19,78,0.369668246445
JPN_SMK_061_B1_1.txt,(0, 0),200,13,73,0.365
JPN_SMK_062_B1_1.txt,(0, 0),239,12,87,0.364016736402
JPN_SMK_063_B1_1.txt,(0, 0),212,15,89,0.419811320755
JPN_SMK_064_B1_1.txt,(1, 0),203,12,74,0.364532019704
JPN_SMK_065_B1_2.txt,(0, 0),222,14,90,0.405405405405
JPN_SMK_066_B1_1.txt,(0, 0),200,6,59,0.295
JPN_SMK_067_B1_2.txt,(0, 1),217,13,84,0.387096774194
JPN_SMK_068_A2_0.txt,(0, 0),202,9,69,0.341584158416
JPN_SMK_069_B2_0.txt,(0, 4),204,8,64,0.313725490196
JPN_SMK_070_A2_0.txt,(0, 3),202,10,80,0.39603960396
JPN_SMK_071_B1_1.txt,(0, 9),325,12,110,0.338461538462
JPN_SMK_072_B1_1.txt,(0, 1),216,12,81,0.375
JPN_SMK_073_B1_2.txt,(2, 2),208,9,77,0.370192307692
JPN_SMK_074_A2_0.txt,(0, 1),225,14,82,0.364444444444
JPN_SMK_075_A2_0.txt,(1, 2),215,12,70,0.325581395349
JPN_SMK_076_A2_0.txt,(1, 2),206,12,78,0.378640776699
JPN_SMK_077_B1_1.txt,(0, 0),206,10,69,0.334951456311
JPN_SMK_078_A2_0.txt,(0, 2),205,18,94,0.458536585366
JPN_SMK_079_A2_0.txt,(0, 0),213,12,90,0.422535211268
JPN_SMK_080_A2_0.txt,(0, 0),201,16,91,0.452736318408
JPN_SMK_081_B1_1.txt,(0, 2),224,9,65,0.290178571429
JPN_SMK_082_A2_0.txt,(0, 0),225,9,81,0.36
JPN_SMK_083_A2_0.txt,(0, 3),201,9,68,0.338308457711
JPN_SMK_084_A2_0.txt,(0, 0),206,12,81,0.393203883495
JPN_SMK_085_A2_0.txt,(0, 0),212,9,78,0.367924528302
JPN_SMK_086_A2_0.txt,(0, 0),202,8,63,0.311881188119
JPN_SMK_087_B1_1.txt,(1, 0),217,9,84,0.387096774194
JPN_SMK_088_B1_1.txt,(1, 14),203,8,62,0.305418719212
JPN_SMK_089_A2_0.txt,(1, 1),206,12,89,0.432038834951
JPN_SMK_090_A2_0.txt,(0, 0),202,15,86,0.425742574257
JPN_SMK_091_B1_1.txt,(0, 4),205,11,82,0.4
JPN_SMK_092_A2_0.txt,(0, 1),201,20,82,0.407960199005
JPN_SMK_093_A2_0.txt,(0, 1),203,10,75,0.369458128079
JPN_SMK_094_A2_0.txt,(0, 0),198,11,70,0.353535353535
JPN_SMK_095_A2_0.txt,(0, 5),224,18,92,0.410714285714
JPN_SMK_096_B1_1.txt,(0, 0),205,10,84,0.409756097561
JPN_SMK_097_B1_2.txt,(0, 0),211,16,81,0.383886255924
JPN_SMK_098_A2_0.txt,(0, 2),207,9,72,0.347826086957
JPN_SMK_099_A2_0.txt,(0, 0),205,12,70,0.341463414634
JPN_SMK_100_A2_0.txt,(0, 0),206,12,82,0.398058252427
JPN_SMK_101_B1_1.txt,(0, 0),213,10,64,0.300469483568
JPN_SMK_102_A2_0.txt,(2, 0),207,11,65,0.314009661836
JPN_SMK_103_B1_1.txt,(0, 0),202,13,89,0.440594059406
JPN_SMK_104_B1_1.txt,(0, 0),216,12,88,0.407407407407
JPN_SMK_105_A2_0.txt,(0, 1),235,18,100,0.425531914894
JPN_SMK_106_A2_0.txt,(0, 1),208,11,77,0.370192307692
JPN_SMK_107_B1_1.txt,(0, 4),207,10,72,0.347826086957
JPN_SMK_108_A2_0.txt,(3, 8),278,12,100,0.359712230216
JPN_SMK_109_A2_0.txt,(0, 0),213,12,95,0.446009389671
JPN_SMK_110_A2_0.txt,(0, 1),255,12,72,0.282352941176
JPN_SMK_111_A2_0.txt,(0, 2),249,13,103,0.413654618474
JPN_SMK_112_A2_0.txt,(0, 0),202,9,70,0.346534653465
JPN_SMK_113_B1_1.txt,(0, 4),250,11,105,0.42
JPN_SMK_114_A2_0.txt,(0, 1),226,14,87,0.384955752212
JPN_SMK_115_B1_1.txt,(0, 1),248,14,105,0.423387096774
JPN_SMK_116_A2_0.txt,(0, 0),249,14,105,0.421686746988
JPN_SMK_117_A2_0.txt,(1, 5),230,11,80,0.347826086957
JPN_SMK_118_A2_0.txt,(0, 0),197,12,69,0.350253807107
JPN_SMK_119_A2_0.txt,(0, 4),208,8,63,0.302884615385
JPN_SMK_120_B1_1.txt,(0, 0),206,14,79,0.383495145631
JPN_SMK_121_A2_0.txt,(2, 0),216,10,82,0.37962962963
JPN_SMK_122_B1_1.txt,(0, 0),185,11,69,0.372972972973
JPN_SMK_123_B1_1.txt,(1, 6),196,11,69,0.352040816327
JPN_SMK_124_A2_0.txt,(0, 0),203,11,70,0.344827586207
JPN_SMK_125_B1_1.txt,(0, 7),212,11,84,0.396226415094
JPN_SMK_126_A2_0.txt,(0, 0),200,11,61,0.305
JPN_SMK_127_A2_0.txt,(0, 0),226,14,85,0.37610619469
JPN_SMK_128_B1_1.txt,(0, 1),187,13,73,0.390374331551
JPN_SMK_129_B1_1.txt,(4, 2),201,15,75,0.373134328358
JPN_SMK_130_A2_0.txt,(0, 0),211,10,65,0.308056872038
JPN_SMK_131_B1_1.txt,(0, 0),206,12,95,0.461165048544
JPN_SMK_132_B1_1.txt,(0, 0),196,8,67,0.341836734694
JPN_SMK_133_A2_0.txt,(0, 0),208,11,76,0.365384615385
JPN_SMK_134_A2_0.txt,(0, 0),190,13,78,0.410526315789
JPN_SMK_135_A2_0.txt,(0, 0),205,15,87,0.424390243902
JPN_SMK_136_A2_0.txt,(0, 0),206,8,66,0.320388349515
JPN_SMK_137_B1_2.txt,(0, 0),203,13,89,0.43842364532
JPN_SMK_138_B1_1.txt,(0, 0),218,13,90,0.412844036697
JPN_SMK_139_B1_1.txt,(0, 0),204,8,62,0.303921568627
JPN_SMK_140_B1_1.txt,(0, 2),205,12,81,0.39512195122
JPN_SMK_141_A2_0.txt,(3, 0),240,8,79,0.329166666667
JPN_SMK_142_B1_1.txt,(0, 0),211,11,74,0.350710900474
JPN_SMK_143_B1_1.txt,(0, 0),204,12,82,0.401960784314
JPN_SMK_144_A2_0.txt,(0, 0),203,12,75,0.369458128079
JPN_SMK_145_A2_0.txt,(0, 2),218,13,89,0.408256880734
JPN_SMK_146_A2_0.txt,(0, 1),230,15,94,0.408695652174
JPN_SMK_147_A2_0.txt,(0, 8),257,14,92,0.357976653696
JPN_SMK_148_A2_0.txt,(0, 1),195,13,71,0.364102564103
JPN_SMK_149_B1_1.txt,(0, 0),216,7,61,0.282407407407
JPN_SMK_150_B1_1.txt,(0, 5),271,14,108,0.39852398524
JPN_SMK_151_A2_0.txt,(5, 2),210,8,59,0.280952380952
JPN_SMK_152_B1_1.txt,(0, 0),203,11,82,0.4039408867
JPN_SMK_153_B1_2.txt,(0, 0),216,10,72,0.333333333333
JPN_SMK_154_B1_1.txt,(0, 0),200,9,59,0.295
JPN_SMK_155_B1_1.txt,(0, 0),215,12,79,0.367441860465
JPN_SMK_156_B1_1.txt,(0, 2),208,9,75,0.360576923077
JPN_SMK_157_B1_1.txt,(0, 0),222,10,70,0.315315315315
JPN_SMK_158_A2_0.txt,(0, 0),300,12,98,0.326666666667
JPN_SMK_159_A2_0.txt,(0, 1),203,14,67,0.330049261084
JPN_SMK_160_B1_1.txt,(0, 0),206,10,79,0.383495145631
JPN_SMK_161_A2_0.txt,(0, 0),201,11,80,0.398009950249
JPN_SMK_162_A2_0.txt,(0, 0),225,17,94,0.417777777778
JPN_SMK_163_A2_0.txt,(0, 1),211,13,90,0.42654028436
JPN_SMK_164_B1_1.txt,(0, 0),205,12,80,0.390243902439
JPN_SMK_165_B1_1.txt,(0, 0),223,13,86,0.385650224215
JPN_SMK_166_B1_1.txt,(0, 1),202,15,80,0.39603960396
JPN_SMK_167_A2_0.txt,(0, 0),213,10,65,0.305164319249
JPN_SMK_168_B1_2.txt,(1, 6),303,12,120,0.39603960396
JPN_SMK_169_B1_2.txt,(1, 0),235,13,97,0.412765957447
JPN_SMK_170_B1_2.txt,(0, 5),214,13,81,0.378504672897
JPN_SMK_171_B1_1.txt,(2, 3),212,12,86,0.405660377358
JPN_SMK_172_B1_1.txt,(0, 0),225,16,90,0.4
JPN_SMK_173_B1_1.txt,(0, 0),204,10,61,0.299019607843
JPN_SMK_174_B1_1.txt,(0, 0),207,10,69,0.333333333333
JPN_SMK_175_B1_1.txt,(0, 0),207,11,80,0.386473429952
JPN_SMK_176_B1_1.txt,(0, 0),205,10,74,0.360975609756
JPN_SMK_177_B1_2.txt,(0, 13),201,11,76,0.378109452736
JPN_SMK_178_B1_1.txt,(1, 4),219,15,89,0.406392694064
JPN_SMK_179_B1_2.txt,(0, 1),214,16,94,0.439252336449
JPN_SMK_180_B1_1.txt,(0, 3),217,10,84,0.387096774194
JPN_SMK_181_A2_0.txt,(0, 0),253,14,105,0.415019762846
JPN_SMK_182_A2_0.txt,(0, 8),297,11,106,0.356902356902
JPN_SMK_183_A2_0.txt,(1, 0),252,14,107,0.424603174603
JPN_SMK_184_A2_0.txt,(0, 0),202,12,86,0.425742574257
JPN_SMK_185_A2_0.txt,(0, 0),201,11,72,0.358208955224
JPN_SMK_186_A2_0.txt,(0, 1),223,13,93,0.417040358744
JPN_SMK_187_B1_1.txt,(0, 0),214,16,84,0.392523364486
JPN_SMK_188_A2_0.txt,(0, 11),222,11,76,0.342342342342
JPN_SMK_189_B1_1.txt,(0, 1),207,12,84,0.405797101449
JPN_SMK_190_A2_0.txt,(0, 2),248,12,87,0.350806451613
JPN_SMK_191_B1_1.txt,(0, 1),227,11,83,0.36563876652
JPN_SMK_192_A2_0.txt,(1, 7),202,8,51,0.252475247525
JPN_SMK_193_B1_1.txt,(0, 0),237,13,100,0.42194092827
JPN_SMK_194_A2_0.txt,(0, 1),233,12,101,0.43347639485
JPN_SMK_195_B1_1.txt,(0, 0),208,8,65,0.3125
JPN_SMK_196_B1_1.txt,(0, 3),207,12,74,0.357487922705
JPN_SMK_197_B1_1.txt,(1, 4),217,10,56,0.258064516129
JPN_SMK_198_B1_1.txt,(0, 1),237,16,93,0.392405063291
JPN_SMK_199_A2_0.txt,(0, 0),231,13,89,0.385281385281
JPN_SMK_200_B1_1.txt,(1, 1),233,12,89,0.381974248927
JPN_SMK_201_A2_0.txt,(1, 19),225,10,74,0.328888888889
JPN_SMK_202_B1_1.txt,(0, 0),234,14,97,0.41452991453
JPN_SMK_203_A2_0.txt,(0, 0),237,9,75,0.316455696203
JPN_SMK_204_A2_0.txt,(0, 0),200,10,75,0.375
JPN_SMK_205_A2_0.txt,(0, 0),225,14,83,0.368888888889
JPN_SMK_206_A2_0.txt,(0, 0),221,20,99,0.447963800905
JPN_SMK_207_B1_1.txt,(0, 5),275,14,122,0.443636363636
JPN_SMK_208_A2_0.txt,(1, 7),205,15,81,0.39512195122
JPN_SMK_209_B1_1.txt,(0, 0),234,14,90,0.384615384615
JPN_SMK_210_B1_1.txt,(2, 4),221,10,72,0.325791855204
JPN_SMK_211_B1_1.txt,(0, 0),202,11,66,0.326732673267
JPN_SMK_212_B1_1.txt,(0, 1),207,12,82,0.3961352657
JPN_SMK_213_B1_1.txt,(0, 0),207,10,84,0.405797101449
JPN_SMK_214_A2_0.txt,(0, 2),207,14,87,0.420289855072
JPN_SMK_215_B1_1.txt,(0, 0),201,15,77,0.383084577114
JPN_SMK_216_B1_2.txt,(0, 10),265,20,102,0.384905660377
JPN_SMK_217_B1_1.txt,(0, 3),205,11,72,0.351219512195
JPN_SMK_218_B1_2.txt,(0, 0),200,18,82,0.41
JPN_SMK_219_B1_2.txt,(0, 1),220,15,91,0.413636363636
JPN_SMK_220_B2_0.txt,(0, 1),257,12,87,0.338521400778
JPN_SMK_221_B1_1.txt,(0, 7),237,15,79,0.333333333333
JPN_SMK_222_B1_1.txt,(0, 0),200,15,78,0.39
JPN_SMK_223_B1_1.txt,(0, 1),236,9,73,0.309322033898
JPN_SMK_224_B1_1.txt,(0, 5),208,10,64,0.307692307692
JPN_SMK_225_B1_1.txt,(0, 0),229,14,85,0.371179039301
JPN_SMK_226_A2_0.txt,(0, 0),205,12,76,0.370731707317
JPN_SMK_227_B1_1.txt,(0, 2),217,14,90,0.414746543779
JPN_SMK_228_A2_0.txt,(0, 2),205,12,75,0.365853658537
JPN_SMK_229_B1_1.txt,(1, 10),266,16,107,0.402255639098
JPN_SMK_230_B1_1.txt,(1, 7),213,12,79,0.370892018779
JPN_SMK_231_A2_0.txt,(0, 0),204,13,84,0.411764705882
JPN_SMK_232_B1_1.txt,(0, 1),203,12,72,0.354679802956
JPN_SMK_233_A2_0.txt,(0, 0),207,13,70,0.338164251208
JPN_SMK_234_A2_0.txt,(0, 4),204,15,81,0.397058823529
JPN_SMK_235_B1_1.txt,(0, 1),216,14,79,0.365740740741
JPN_SMK_236_B1_1.txt,(1, 1),215,14,93,0.432558139535
JPN_SMK_237_A2_0.txt,(0, 2),203,8,69,0.339901477833
JPN_SMK_238_A2_0.txt,(2, 0),204,13,75,0.367647058824
JPN_SMK_239_A2_0.txt,(0, 0),228,10,77,0.337719298246
JPN_SMK_240_B1_1.txt,(1, 6),224,14,91,0.40625
JPN_SMK_241_B1_2.txt,(1, 3),266,14,106,0.398496240602
JPN_SMK_242_A2_0.txt,(2, 2),203,11,66,0.325123152709
JPN_SMK_243_B1_1.txt,(0, 0),213,17,101,0.474178403756
JPN_SMK_244_A2_0.txt,(0, 4),208,12,84,0.403846153846
JPN_SMK_245_B1_2.txt,(0, 0),214,17,89,0.415887850467
JPN_SMK_246_B1_2.txt,(0, 0),196,16,74,0.377551020408
JPN_SMK_247_A2_0.txt,(1, 0),221,9,82,0.371040723982
JPN_SMK_248_A2_0.txt,(0, 0),218,11,73,0.334862385321
JPN_SMK_249_B1_1.txt,(0, 1),194,11,64,0.329896907216
JPN_SMK_250_B1_1.txt,(0, 0),203,13,74,0.364532019704
JPN_SMK_251_B1_1.txt,(0, 5),211,12,78,0.369668246445
JPN_SMK_252_B1_1.txt,(0, 0),206,12,80,0.388349514563
JPN_SMK_253_B1_1.txt,(2, 5),237,7,69,0.291139240506
JPN_SMK_254_B1_1.txt,(1, 2),210,14,66,0.314285714286
JPN_SMK_255_B1_1.txt,(1, 0),236,11,89,0.377118644068
JPN_SMK_256_B1_2.txt,(0, 4),199,14,71,0.356783919598
JPN_SMK_257_B1_2.txt,(1, 0),208,12,84,0.403846153846
JPN_SMK_258_B1_1.txt,(1, 4),246,11,88,0.357723577236
JPN_SMK_259_B1_1.txt,(0, 0),234,14,93,0.397435897436
JPN_SMK_260_B1_1.txt,(1, 1),208,18,84,0.403846153846
JPN_SMK_261_A2_0.txt,(2, 0),240,15,105,0.4375
JPN_SMK_262_A2_0.txt,(1, 0),202,18,79,0.391089108911
JPN_SMK_263_B1_1.txt,(0, 4),206,10,79,0.383495145631
JPN_SMK_264_B1_1.txt,(0, 2),204,9,78,0.382352941176
JPN_SMK_265_A2_0.txt,(0, 1),205,13,70,0.341463414634
JPN_SMK_266_B1_1.txt,(0, 0),203,10,78,0.384236453202
JPN_SMK_267_B1_1.txt,(0, 0),209,19,87,0.416267942584
JPN_SMK_268_B1_2.txt,(1, 0),214,11,67,0.31308411215
JPN_SMK_269_B1_1.txt,(0, 3),220,16,81,0.368181818182
JPN_SMK_270_A2_0.txt,(3, 8),218,12,79,0.362385321101
JPN_SMK_271_B1_1.txt,(0, 1),209,13,83,0.397129186603
JPN_SMK_272_B1_1.txt,(0, 0),200,14,80,0.4
JPN_SMK_273_A2_0.txt,(0, 1),203,11,70,0.344827586207
JPN_SMK_274_A2_0.txt,(2, 1),203,10,60,0.295566502463
JPN_SMK_275_B1_1.txt,(1, 4),206,12,65,0.315533980583
JPN_SMK_276_B1_1.txt,(0, 0),204,11,71,0.348039215686
JPN_SMK_277_A2_0.txt,(0, 3),205,10,65,0.317073170732
JPN_SMK_278_A2_0.txt,(0, 0),218,12,78,0.357798165138
JPN_SMK_279_B1_2.txt,(0, 0),217,14,93,0.428571428571
JPN_SMK_280_B1_2.txt,(0, 3),249,10,87,0.349397590361
JPN_SMK_281_B1_1.txt,(0, 0),217,15,95,0.437788018433
JPN_SMK_282_A2_0.txt,(0, 2),203,8,70,0.344827586207
JPN_SMK_283_B1_1.txt,(1, 13),213,11,63,0.295774647887
JPN_SMK_284_A2_0.txt,(1, 2),229,16,85,0.371179039301
JPN_SMK_285_B1_1.txt,(0, 0),213,12,79,0.370892018779
JPN_SMK_286_B1_1.txt,(0, 2),227,11,81,0.356828193833
JPN_SMK_287_A2_0.txt,(0, 1),213,9,70,0.328638497653
JPN_SMK_288_A2_0.txt,(0, 0),223,10,80,0.358744394619
JPN_SMK_289_A2_0.txt,(0, 0),203,14,79,0.389162561576
JPN_SMK_290_B1_1.txt,(1, 1),219,14,91,0.415525114155
JPN_SMK_291_A2_0.txt,(0, 0),216,18,89,0.412037037037
JPN_SMK_292_A2_0.txt,(0, 0),237,16,88,0.371308016878
JPN_SMK_293_B1_1.txt,(0, 0),225,13,79,0.351111111111
JPN_SMK_294_B1_2.txt,(0, 12),208,17,84,0.403846153846
JPN_SMK_295_B1_1.txt,(0, 0),208,13,81,0.389423076923
JPN_SMK_296_B1_1.txt,(0, 0),204,12,69,0.338235294118
JPN_SMK_297_B2_0.txt,(0, 2),196,13,77,0.392857142857
JPN_SMK_298_B1_2.txt,(0, 0),203,15,86,0.423645320197
JPN_SMK_299_A2_0.txt,(0, 2),203,15,83,0.408866995074
JPN_SMK_300_A2_0.txt,(0, 0),218,19,92,0.422018348624
JPN_SMK_301_A2_0.txt,(1, 3),206,10,58,0.281553398058
JPN_SMK_302_B2_0.txt,(0, 2),203,15,81,0.399014778325
JPN_SMK_303_B1_1.txt,(0, 1),205,22,96,0.468292682927
JPN_SMK_304_A2_0.txt,(1, 0),203,12,66,0.325123152709
JPN_SMK_305_B1_1.txt,(0, 7),225,11,67,0.297777777778
JPN_SMK_306_A2_0.txt,(0, 1),201,8,70,0.348258706468
JPN_SMK_307_A2_0.txt,(0, 0),202,11,71,0.351485148515
JPN_SMK_308_B1_2.txt,(1, 1),218,11,80,0.366972477064
JPN_SMK_309_B1_2.txt,(0, 0),203,15,92,0.453201970443
JPN_SMK_310_A2_0.txt,(1, 0),203,14,79,0.389162561576
JPN_SMK_311_A2_0.txt,(0, 5),201,14,71,0.353233830846
JPN_SMK_312_A2_0.txt,(0, 0),203,14,81,0.399014778325
JPN_SMK_313_A2_0.txt,(0, 4),210,16,68,0.32380952381
JPN_SMK_314_B1_1.txt,(0, 0),202,14,77,0.381188118812
JPN_SMK_315_B1_1.txt,(0, 0),211,12,80,0.379146919431
JPN_SMK_316_B1_2.txt,(0, 1),207,12,68,0.328502415459
JPN_SMK_317_B1_1.txt,(0, 0),208,9,64,0.307692307692
JPN_SMK_318_B1_1.txt,(0, 2),213,10,88,0.413145539906
JPN_SMK_319_A2_0.txt,(0, 0),201,14,75,0.373134328358
JPN_SMK_320_B1_1.txt,(0, 1),207,9,57,0.275362318841
JPN_SMK_321_B1_1.txt,(0, 0),217,12,82,0.377880184332
JPN_SMK_322_B1_1.txt,(0, 2),206,12,64,0.31067961165
JPN_SMK_323_B1_1.txt,(0, 6),193,16,58,0.300518134715
JPN_SMK_324_B1_1.txt,(0, 3),194,14,70,0.360824742268
JPN_SMK_325_B1_2.txt,(0, 2),210,10,70,0.333333333333
JPN_SMK_326_B1_1.txt,(0, 0),225,11,71,0.315555555556
JPN_SMK_327_A2_0.txt,(0, 5),206,10,68,0.330097087379
JPN_SMK_328_B1_1.txt,(0, 2),257,11,91,0.354085603113
JPN_SMK_329_B1_1.txt,(0, 5),201,12,63,0.313432835821
JPN_SMK_330_B1_2.txt,(0, 0),223,17,95,0.42600896861
JPN_SMK_331_A2_0.txt,(0, 5),226,14,81,0.358407079646
JPN_SMK_332_B1_1.txt,(0, 0),215,10,73,0.339534883721
JPN_SMK_333_A2_0.txt,(0, 2),202,12,67,0.331683168317
JPN_SMK_334_B1_1.txt,(1, 2),201,12,73,0.363184079602
JPN_SMK_335_B1_1.txt,(0, 1),212,13,78,0.367924528302
JPN_SMK_336_B1_1.txt,(0, 0),200,18,77,0.385
JPN_SMK_337_B1_1.txt,(0, 1),201,14,63,0.313432835821
JPN_SMK_338_A2_0.txt,(0, 1),207,10,65,0.314009661836
JPN_SMK_339_B1_1.txt,(0, 1),221,12,79,0.357466063348
JPN_SMK_340_A2_0.txt,(1, 0),217,13,75,0.345622119816
JPN_SMK_341_B1_1.txt,(0, 0),213,13,81,0.380281690141
JPN_SMK_342_A2_0.txt,(0, 0),215,12,78,0.362790697674
JPN_SMK_343_A2_0.txt,(0, 0),209,13,88,0.421052631579
JPN_SMK_344_A2_0.txt,(0, 0),203,9,70,0.344827586207
JPN_SMK_345_B1_1.txt,(1, 12),218,14,88,0.403669724771
JPN_SMK_346_A2_0.txt,(0, 1),204,10,70,0.343137254902
JPN_SMK_347_A2_0.txt,(0, 0),200,11,56,0.28
JPN_SMK_348_B1_1.txt,(0, 2),219,16,77,0.351598173516
JPN_SMK_349_B1_1.txt,(0, 0),203,10,73,0.35960591133
JPN_SMK_350_A2_0.txt,(1, 0),205,10,70,0.341463414634
JPN_SMK_351_B1_1.txt,(1, 0),181,11,69,0.381215469613
JPN_SMK_352_B1_2.txt,(1, 0),218,13,77,0.353211009174
JPN_SMK_353_A2_0.txt,(1, 0),205,10,67,0.326829268293
JPN_SMK_354_B1_1.txt,(0, 0),189,7,54,0.285714285714
JPN_SMK_355_A2_0.txt,(0, 0),215,14,92,0.427906976744
JPN_SMK_356_A2_0.txt,(0, 1),228,22,83,0.364035087719
JPN_SMK_357_A2_0.txt,(0, 0),213,16,81,0.380281690141
JPN_SMK_358_A2_0.txt,(0, 0),223,13,96,0.430493273543
JPN_SMK_359_B1_1.txt,(0, 2),200,11,73,0.365
JPN_SMK_360_B1_1.txt,(2, 1),214,12,72,0.336448598131
JPN_SMK_361_B1_1.txt,(0, 1),202,18,84,0.415841584158
JPN_SMK_362_A2_0.txt,(0, 2),203,18,84,0.413793103448
JPN_SMK_363_A2_0.txt,(0, 0),211,16,87,0.412322274882
JPN_SMK_364_A2_0.txt,(0, 1),248,13,88,0.354838709677
JPN_SMK_365_A2_0.txt,(1, 5),204,11,73,0.357843137255
JPN_SMK_366_B1_1.txt,(0, 0),204,9,81,0.397058823529
JPN_SMK_367_A2_0.txt,(0, 0),205,14,78,0.380487804878
JPN_SMK_368_B1_1.txt,(2, 12),215,13,76,0.353488372093
JPN_SMK_369_B1_1.txt,(0, 1),208,10,71,0.341346153846
JPN_SMK_370_A2_0.txt,(4, 3),215,8,87,0.404651162791
JPN_SMK_371_B1_1.txt,(0, 1),264,16,112,0.424242424242
JPN_SMK_372_B1_1.txt,(0, 0),205,11,60,0.292682926829
JPN_SMK_373_B1_1.txt,(0, 2),197,13,84,0.426395939086
JPN_SMK_374_B1_1.txt,(0, 6),291,15,119,0.408934707904
JPN_SMK_375_B2_0.txt,(0, 12),293,15,107,0.365187713311
JPN_SMK_376_B1_1.txt,(0, 0),220,12,88,0.4
JPN_SMK_377_B1_1.txt,(0, 5),234,9,86,0.367521367521
JPN_SMK_378_B1_1.txt,(0, 4),262,10,98,0.374045801527
JPN_SMK_379_A2_0.txt,(0, 1),205,12,84,0.409756097561
JPN_SMK_380_B1_2.txt,(0, 6),281,12,109,0.387900355872
JPN_SMK_381_A2_0.txt,(0, 4),200,9,52,0.26
JPN_SMK_382_B1_2.txt,(0, 0),202,11,85,0.420792079208
JPN_SMK_383_B1_2.txt,(0, 0),211,11,82,0.388625592417
JPN_SMK_384_B1_2.txt,(0, 0),223,17,88,0.394618834081
JPN_SMK_385_B1_1.txt,(0, 2),206,12,81,0.393203883495
JPN_SMK_386_B1_1.txt,(0, 0),202,16,85,0.420792079208
JPN_SMK_387_A2_0.txt,(0, 0),206,22,102,0.495145631068
JPN_SMK_388_B1_1.txt,(0, 0),225,9,81,0.36
JPN_SMK_389_B1_2.txt,(0, 1),202,12,79,0.391089108911
JPN_SMK_390_B1_1.txt,(2, 0),215,11,83,0.386046511628
JPN_SMK_391_A2_0.txt,(0, 1),200,11,78,0.39
JPN_SMK_392_B1_1.txt,(0, 0),216,10,75,0.347222222222
JPN_SMK_393_A2_0.txt,(0, 0),220,12,76,0.345454545455
JPN_SMK_394_A2_0.txt,(0, 4),199,13,80,0.402010050251
JPN_SMK_395_B1_1.txt,(1, 3),249,10,88,0.353413654618
JPN_SMK_396_A2_0.txt,(1, 2),195,12,69,0.353846153846
JPN_SMK_397_B1_1.txt,(3, 12),213,13,68,0.319248826291
JPN_SMK_398_A2_0.txt,(0, 5),294,12,119,0.404761904762
JPN_SMK_399_B1_1.txt,(0, 0),212,13,87,0.410377358491
JPN_SMK_400_A2_0.txt,(0, 0),240,14,105,0.4375
