TWN_PTJ_001_B1_2.txt,(0, 2),232,16,83,0.35775862069
TWN_PTJ_002_B1_1.txt,(0, 1),223,20,95,0.42600896861
TWN_PTJ_003_B1_1.txt,(0, 0),203,18,90,0.443349753695
TWN_PTJ_004_B1_1.txt,(0, 4),251,16,107,0.426294820717
TWN_PTJ_005_B1_2.txt,(1, 0),209,14,94,0.44976076555
TWN_PTJ_006_A2_0.txt,(0, 0),207,13,74,0.357487922705
TWN_PTJ_007_B2_0.txt,(0, 0),248,24,111,0.447580645161
TWN_PTJ_008_B1_1.txt,(0, 0),207,9,68,0.328502415459
TWN_PTJ_009_B1_1.txt,(0, 0),223,13,86,0.385650224215
TWN_PTJ_010_A2_0.txt,(0, 1),208,10,62,0.298076923077
TWN_PTJ_011_B1_2.txt,(0, 1),203,14,87,0.428571428571
TWN_PTJ_012_B2_0.txt,(0, 0),206,9,83,0.402912621359
TWN_PTJ_013_A2_0.txt,(0, 1),213,35,78,0.366197183099
TWN_PTJ_014_B1_2.txt,(0, 0),220,15,92,0.418181818182
TWN_PTJ_015_A2_0.txt,(0, 9),329,21,143,0.434650455927
TWN_PTJ_016_A2_0.txt,(0, 3),209,29,87,0.416267942584
TWN_PTJ_017_B1_1.txt,(0, 0),226,14,106,0.469026548673
TWN_PTJ_018_B1_1.txt,(0, 0),224,18,99,0.441964285714
TWN_PTJ_019_B1_2.txt,(0, 1),244,22,104,0.426229508197
TWN_PTJ_020_B1_2.txt,(0, 1),202,22,85,0.420792079208
TWN_PTJ_021_B1_2.txt,(0, 7),215,13,82,0.381395348837
TWN_PTJ_022_A2_0.txt,(1, 1),204,8,76,0.372549019608
TWN_PTJ_023_B1_2.txt,(0, 2),242,12,85,0.351239669421
TWN_PTJ_024_B1_2.txt,(0, 0),203,11,78,0.384236453202
TWN_PTJ_025_B1_1.txt,(0, 1),213,16,89,0.417840375587
TWN_PTJ_026_B1_1.txt,(1, 0),235,15,91,0.387234042553
TWN_PTJ_027_B1_1.txt,(1, 1),271,11,101,0.372693726937
TWN_PTJ_028_B1_2.txt,(0, 1),202,14,76,0.376237623762
TWN_PTJ_029_B1_2.txt,(0, 0),207,18,81,0.391304347826
TWN_PTJ_030_B1_1.txt,(0, 0),211,15,72,0.341232227488
TWN_PTJ_031_B1_2.txt,(1, 1),216,19,81,0.375
TWN_PTJ_032_B1_2.txt,(0, 5),281,18,128,0.455516014235
TWN_PTJ_033_B1_1.txt,(0, 0),215,21,94,0.437209302326
TWN_PTJ_034_B1_1.txt,(0, 0),219,16,85,0.388127853881
TWN_PTJ_035_B1_1.txt,(0, 5),202,12,69,0.341584158416
TWN_PTJ_036_B1_1.txt,(1, 0),220,13,83,0.377272727273
TWN_PTJ_037_A2_0.txt,(0, 1),208,16,82,0.394230769231
TWN_PTJ_038_B1_1.txt,(0, 0),241,12,92,0.381742738589
TWN_PTJ_039_A2_0.txt,(1, 0),215,7,63,0.293023255814
TWN_PTJ_040_A2_0.txt,(1, 1),201,16,72,0.358208955224
TWN_PTJ_041_A2_0.txt,(0, 6),253,15,110,0.434782608696
TWN_PTJ_042_B1_2.txt,(0, 0),220,13,92,0.418181818182
TWN_PTJ_043_B1_1.txt,(0, 0),257,17,118,0.459143968872
TWN_PTJ_044_B1_1.txt,(0, 0),208,13,85,0.408653846154
TWN_PTJ_045_B1_1.txt,(0, 0),214,19,85,0.397196261682
TWN_PTJ_046_B1_1.txt,(1, 7),432,24,177,0.409722222222
TWN_PTJ_047_A2_0.txt,(1, 3),203,11,76,0.374384236453
TWN_PTJ_048_B2_0.txt,(0, 0),236,13,77,0.326271186441
TWN_PTJ_049_B1_2.txt,(0, 0),208,17,85,0.408653846154
TWN_PTJ_050_B1_1.txt,(1, 0),227,14,96,0.422907488987
TWN_PTJ_051_B1_2.txt,(0, 0),229,13,84,0.366812227074
TWN_PTJ_052_B1_1.txt,(0, 2),250,14,105,0.42
TWN_PTJ_053_B1_2.txt,(0, 2),229,16,99,0.43231441048
TWN_PTJ_054_B1_1.txt,(0, 1),199,16,84,0.422110552764
TWN_PTJ_055_B1_1.txt,(0, 0),203,25,74,0.364532019704
TWN_PTJ_056_B1_2.txt,(0, 7),298,14,101,0.338926174497
TWN_PTJ_057_B2_0.txt,(0, 4),269,16,103,0.382899628253
TWN_PTJ_058_B1_1.txt,(1, 1),207,14,81,0.391304347826
TWN_PTJ_059_B1_1.txt,(0, 3),218,14,91,0.417431192661
TWN_PTJ_060_B1_2.txt,(0, 1),227,22,92,0.405286343612
TWN_PTJ_061_B1_1.txt,(0, 2),226,15,79,0.349557522124
TWN_PTJ_062_B1_1.txt,(0, 1),254,16,101,0.397637795276
TWN_PTJ_063_B1_2.txt,(0, 0),223,15,92,0.412556053812
TWN_PTJ_064_B1_1.txt,(0, 0),209,12,83,0.397129186603
TWN_PTJ_065_B1_1.txt,(0, 4),223,11,85,0.381165919283
TWN_PTJ_066_B1_2.txt,(0, 0),207,15,90,0.434782608696
TWN_PTJ_067_A2_0.txt,(1, 1),209,13,80,0.382775119617
TWN_PTJ_068_B2_0.txt,(0, 1),219,13,76,0.34703196347
TWN_PTJ_069_B2_0.txt,(0, 9),290,19,115,0.396551724138
TWN_PTJ_070_A2_0.txt,(0, 9),261,21,109,0.417624521073
TWN_PTJ_071_B1_1.txt,(0, 6),299,18,130,0.434782608696
TWN_PTJ_072_B1_2.txt,(0, 0),245,20,98,0.4
TWN_PTJ_073_A2_0.txt,(1, 0),212,14,84,0.396226415094
TWN_PTJ_074_B1_1.txt,(0, 1),231,16,88,0.380952380952
TWN_PTJ_075_A2_0.txt,(0, 0),245,17,106,0.432653061224
TWN_PTJ_076_B1_2.txt,(0, 7),264,20,105,0.397727272727
TWN_PTJ_077_B2_0.txt,(0, 3),254,18,100,0.393700787402
TWN_PTJ_078_B1_2.txt,(0, 2),204,11,91,0.446078431373
TWN_PTJ_079_B1_1.txt,(0, 2),215,15,79,0.367441860465
TWN_PTJ_080_B1_2.txt,(0, 0),203,25,85,0.418719211823
TWN_PTJ_081_B1_2.txt,(0, 1),237,12,85,0.35864978903
TWN_PTJ_082_B1_1.txt,(0, 0),238,11,87,0.365546218487
TWN_PTJ_083_B1_2.txt,(0, 0),230,12,100,0.434782608696
TWN_PTJ_084_B1_2.txt,(0, 3),221,22,93,0.420814479638
TWN_PTJ_085_B1_2.txt,(0, 0),233,15,89,0.381974248927
TWN_PTJ_086_B2_0.txt,(0, 1),250,15,100,0.4
TWN_PTJ_087_B1_1.txt,(0, 0),249,15,110,0.441767068273
TWN_PTJ_088_B2_0.txt,(0, 0),200,11,71,0.355
TWN_PTJ_089_B1_2.txt,(0, 0),228,17,87,0.381578947368
TWN_PTJ_090_B1_1.txt,(0, 1),230,13,95,0.413043478261
TWN_PTJ_091_B1_1.txt,(0, 0),217,12,76,0.350230414747
TWN_PTJ_092_B1_1.txt,(0, 0),249,13,99,0.397590361446
TWN_PTJ_093_A2_0.txt,(1, 1),212,19,89,0.419811320755
TWN_PTJ_094_B1_2.txt,(0, 7),262,23,108,0.412213740458
TWN_PTJ_095_B2_0.txt,(0, 5),269,14,107,0.397769516729
TWN_PTJ_096_B1_1.txt,(0, 7),223,12,73,0.32735426009
TWN_PTJ_097_B1_2.txt,(2, 9),246,11,104,0.422764227642
TWN_PTJ_098_B1_2.txt,(0, 1),253,14,103,0.407114624506
TWN_PTJ_099_B1_2.txt,(0, 0),277,19,103,0.371841155235
TWN_PTJ_100_B1_2.txt,(0, 0),201,15,68,0.338308457711
TWN_PTJ_101_B1_1.txt,(0, 4),255,21,112,0.439215686275
TWN_PTJ_102_B1_1.txt,(0, 0),206,14,84,0.407766990291
TWN_PTJ_103_A2_0.txt,(0, 0),218,18,98,0.449541284404
TWN_PTJ_104_B1_1.txt,(0, 3),221,13,100,0.452488687783
TWN_PTJ_105_A2_0.txt,(1, 1),200,15,85,0.425
TWN_PTJ_106_B1_2.txt,(1, 1),234,26,107,0.457264957265
TWN_PTJ_107_A2_0.txt,(0, 2),215,23,91,0.423255813953
TWN_PTJ_108_B2_0.txt,(0, 1),223,14,93,0.417040358744
TWN_PTJ_109_B1_1.txt,(0, 8),298,18,119,0.39932885906
TWN_PTJ_110_B2_0.txt,(0, 8),214,26,82,0.383177570093
TWN_PTJ_111_B1_1.txt,(1, 2),208,13,82,0.394230769231
TWN_PTJ_112_B1_1.txt,(0, 1),291,13,125,0.429553264605
TWN_PTJ_113_B1_1.txt,(0, 5),201,16,87,0.432835820896
TWN_PTJ_114_B1_1.txt,(2, 2),210,14,93,0.442857142857
TWN_PTJ_115_B1_2.txt,(0, 0),283,16,112,0.395759717314
TWN_PTJ_116_B1_1.txt,(1, 2),213,13,84,0.394366197183
TWN_PTJ_117_B1_1.txt,(0, 1),212,17,77,0.36320754717
TWN_PTJ_118_B2_0.txt,(2, 4),234,23,95,0.405982905983
TWN_PTJ_119_B2_0.txt,(0, 6),202,22,78,0.386138613861
TWN_PTJ_120_B2_0.txt,(0, 0),212,16,80,0.377358490566
TWN_PTJ_121_B1_2.txt,(0, 7),259,23,113,0.436293436293
TWN_PTJ_122_B1_1.txt,(0, 2),200,14,80,0.4
TWN_PTJ_123_B1_2.txt,(0, 5),296,17,119,0.402027027027
TWN_PTJ_124_B2_0.txt,(0, 0),209,13,90,0.430622009569
TWN_PTJ_125_B1_1.txt,(0, 0),205,13,81,0.39512195122
TWN_PTJ_126_A2_0.txt,(0, 0),200,10,80,0.4
TWN_PTJ_127_B1_2.txt,(0, 6),220,16,94,0.427272727273
TWN_PTJ_128_B1_1.txt,(0, 0),199,24,91,0.457286432161
TWN_PTJ_129_B1_1.txt,(0, 0),241,16,94,0.390041493776
TWN_PTJ_130_B1_2.txt,(0, 0),222,14,93,0.418918918919
TWN_PTJ_131_A2_0.txt,(0, 1),236,15,104,0.440677966102
TWN_PTJ_132_B1_1.txt,(0, 4),234,12,86,0.367521367521
TWN_PTJ_133_B2_0.txt,(0, 21),479,34,205,0.427974947808
TWN_PTJ_134_B1_2.txt,(0, 6),225,17,98,0.435555555556
TWN_PTJ_135_B1_1.txt,(1, 5),301,21,132,0.43853820598
TWN_PTJ_136_A2_0.txt,(1, 0),204,15,81,0.397058823529
TWN_PTJ_137_B1_2.txt,(0, 0),207,13,83,0.400966183575
TWN_PTJ_138_B1_1.txt,(0, 1),220,18,76,0.345454545455
TWN_PTJ_139_B1_2.txt,(0, 2),239,14,99,0.414225941423
TWN_PTJ_140_B1_1.txt,(0, 1),257,21,102,0.396887159533
TWN_PTJ_141_B1_2.txt,(0, 18),299,19,131,0.438127090301
TWN_PTJ_142_A2_0.txt,(2, 9),216,19,82,0.37962962963
TWN_PTJ_143_B1_2.txt,(0, 0),213,14,74,0.347417840376
TWN_PTJ_144_B1_1.txt,(0, 1),203,15,94,0.463054187192
TWN_PTJ_145_B1_2.txt,(0, 3),213,11,81,0.380281690141
TWN_PTJ_146_B1_1.txt,(0, 0),242,17,102,0.421487603306
TWN_PTJ_147_B1_1.txt,(0, 2),253,15,87,0.343873517787
TWN_PTJ_148_B1_2.txt,(0, 0),204,25,90,0.441176470588
TWN_PTJ_149_B1_1.txt,(0, 0),211,19,90,0.42654028436
TWN_PTJ_150_B1_2.txt,(1, 0),241,17,109,0.452282157676
TWN_PTJ_151_B1_1.txt,(0, 0),225,11,99,0.44
TWN_PTJ_152_B1_2.txt,(0, 0),239,14,98,0.410041841004
TWN_PTJ_153_B1_1.txt,(0, 1),222,14,78,0.351351351351
TWN_PTJ_154_B2_0.txt,(0, 0),231,21,101,0.437229437229
TWN_PTJ_155_B1_1.txt,(0, 1),239,19,104,0.435146443515
TWN_PTJ_156_B1_1.txt,(0, 1),233,16,99,0.424892703863
TWN_PTJ_157_B1_1.txt,(0, 8),323,15,130,0.402476780186
TWN_PTJ_158_B1_1.txt,(1, 0),275,13,109,0.396363636364
TWN_PTJ_159_B1_1.txt,(0, 11),200,18,75,0.375
TWN_PTJ_160_B1_2.txt,(0, 0),201,15,86,0.427860696517
TWN_PTJ_161_B1_1.txt,(0, 7),261,14,102,0.390804597701
TWN_PTJ_162_B1_2.txt,(0, 2),214,23,91,0.42523364486
TWN_PTJ_163_B1_1.txt,(1, 0),206,13,82,0.398058252427
TWN_PTJ_164_B1_2.txt,(0, 1),233,17,93,0.399141630901
TWN_PTJ_165_B1_1.txt,(0, 0),203,11,72,0.354679802956
TWN_PTJ_166_B2_0.txt,(0, 0),200,20,77,0.385
TWN_PTJ_167_B1_2.txt,(1, 8),294,19,121,0.41156462585
TWN_PTJ_168_B2_0.txt,(1, 6),262,21,104,0.396946564885
TWN_PTJ_169_B2_0.txt,(0, 7),295,21,129,0.437288135593
TWN_PTJ_170_A2_0.txt,(1, 1),231,33,98,0.424242424242
TWN_PTJ_171_B1_1.txt,(0, 0),245,22,98,0.4
TWN_PTJ_172_B1_1.txt,(1, 0),222,20,96,0.432432432432
TWN_PTJ_173_B1_2.txt,(0, 3),221,15,80,0.361990950226
TWN_PTJ_174_A2_0.txt,(0, 4),192,8,66,0.34375
TWN_PTJ_175_B1_1.txt,(0, 0),228,14,85,0.372807017544
TWN_PTJ_176_B1_1.txt,(1, 0),210,15,90,0.428571428571
TWN_PTJ_177_B1_1.txt,(1, 1),219,16,85,0.388127853881
TWN_PTJ_178_A2_0.txt,(0, 0),200,13,72,0.36
TWN_PTJ_179_A2_0.txt,(0, 0),201,14,75,0.373134328358
TWN_PTJ_180_B2_0.txt,(0, 0),240,20,100,0.416666666667
TWN_PTJ_181_B1_1.txt,(0, 0),207,18,86,0.415458937198
TWN_PTJ_182_B1_1.txt,(0, 0),222,14,88,0.396396396396
TWN_PTJ_183_B1_1.txt,(1, 3),199,13,68,0.341708542714
TWN_PTJ_184_B1_2.txt,(0, 1),203,20,90,0.443349753695
TWN_PTJ_185_B1_2.txt,(2, 0),233,12,92,0.394849785408
TWN_PTJ_186_B1_1.txt,(1, 1),242,20,93,0.384297520661
TWN_PTJ_187_B1_2.txt,(1, 1),246,16,94,0.382113821138
TWN_PTJ_188_B1_1.txt,(0, 1),231,17,100,0.4329004329
TWN_PTJ_189_B1_1.txt,(1, 7),243,22,101,0.415637860082
TWN_PTJ_190_A2_0.txt,(1, 5),218,16,92,0.422018348624
TWN_PTJ_191_B1_2.txt,(0, 1),199,9,65,0.326633165829
TWN_PTJ_192_B1_1.txt,(0, 1),215,14,76,0.353488372093
TWN_PTJ_193_B2_0.txt,(0, 0),246,15,96,0.390243902439
TWN_PTJ_194_A2_0.txt,(0, 0),204,18,89,0.436274509804
TWN_PTJ_195_B1_1.txt,(0, 0),212,11,85,0.400943396226
TWN_PTJ_196_B1_1.txt,(0, 0),205,18,84,0.409756097561
TWN_PTJ_197_B1_1.txt,(1, 1),217,19,90,0.414746543779
TWN_PTJ_198_B1_2.txt,(0, 0),258,12,109,0.422480620155
TWN_PTJ_199_B1_2.txt,(0, 6),298,11,110,0.369127516779
TWN_PTJ_200_B1_1.txt,(0, 0),212,13,80,0.377358490566
TWN_SMK_001_B1_2.txt,(0, 0),220,18,87,0.395454545455
TWN_SMK_002_B1_1.txt,(0, 0),220,18,84,0.381818181818
TWN_SMK_003_B1_1.txt,(0, 3),209,20,81,0.387559808612
TWN_SMK_004_B1_1.txt,(0, 0),247,20,108,0.437246963563
TWN_SMK_005_B1_2.txt,(0, 0),209,11,82,0.392344497608
TWN_SMK_006_A2_0.txt,(0, 0),212,12,85,0.400943396226
TWN_SMK_007_B2_0.txt,(1, 0),212,13,81,0.382075471698
TWN_SMK_008_B1_1.txt,(0, 0),215,17,90,0.418604651163
TWN_SMK_009_B1_1.txt,(1, 0),238,10,77,0.323529411765
TWN_SMK_010_A2_0.txt,(0, 0),206,8,75,0.364077669903
TWN_SMK_011_B1_2.txt,(0, 0),202,14,82,0.405940594059
TWN_SMK_012_B2_0.txt,(2, 1),227,10,85,0.374449339207
TWN_SMK_013_A2_0.txt,(0, 0),210,42,80,0.380952380952
TWN_SMK_014_B1_2.txt,(0, 0),202,20,81,0.40099009901
TWN_SMK_015_A2_0.txt,(0, 5),400,21,160,0.4
TWN_SMK_016_A2_0.txt,(0, 2),209,17,89,0.425837320574
TWN_SMK_017_B1_1.txt,(0, 1),196,12,73,0.372448979592
TWN_SMK_018_B1_1.txt,(1, 1),200,16,83,0.415
TWN_SMK_019_B1_2.txt,(1, 2),208,14,82,0.394230769231
TWN_SMK_020_B1_2.txt,(0, 1),219,14,87,0.397260273973
TWN_SMK_021_B1_2.txt,(0, 0),220,12,84,0.381818181818
TWN_SMK_022_A2_0.txt,(0, 3),209,8,74,0.354066985646
TWN_SMK_023_B1_2.txt,(0, 0),217,12,81,0.373271889401
TWN_SMK_024_B1_2.txt,(1, 2),200,11,73,0.365
TWN_SMK_025_B1_1.txt,(1, 1),205,14,72,0.351219512195
TWN_SMK_026_B1_1.txt,(1, 1),206,13,78,0.378640776699
TWN_SMK_027_B1_1.txt,(0, 1),214,13,82,0.383177570093
TWN_SMK_028_B1_2.txt,(0, 1),203,14,71,0.349753694581
TWN_SMK_029_B1_2.txt,(0, 2),208,16,79,0.379807692308
TWN_SMK_030_B1_1.txt,(0, 0),214,14,78,0.364485981308
TWN_SMK_031_B1_2.txt,(0, 1),227,15,83,0.36563876652
TWN_SMK_032_B1_2.txt,(0, 0),219,14,96,0.438356164384
TWN_SMK_033_B1_1.txt,(0, 0),204,17,81,0.397058823529
TWN_SMK_034_B1_1.txt,(1, 2),219,14,76,0.34703196347
TWN_SMK_035_B1_1.txt,(0, 0),224,18,91,0.40625
TWN_SMK_036_B1_1.txt,(1, 0),195,13,67,0.34358974359
TWN_SMK_037_A2_0.txt,(0, 2),215,11,75,0.348837209302
TWN_SMK_038_B1_1.txt,(1, 2),232,12,97,0.418103448276
TWN_SMK_039_A2_0.txt,(1, 1),225,13,90,0.4
TWN_SMK_040_A2_0.txt,(0, 0),209,16,75,0.358851674641
TWN_SMK_041_A2_0.txt,(0, 0),204,11,74,0.362745098039
TWN_SMK_042_B1_2.txt,(0, 0),244,17,109,0.446721311475
TWN_SMK_043_B1_1.txt,(1, 6),292,13,126,0.431506849315
TWN_SMK_044_B1_1.txt,(0, 0),201,12,76,0.378109452736
TWN_SMK_045_B1_1.txt,(0, 0),209,17,89,0.425837320574
TWN_SMK_046_B1_1.txt,(0, 0),223,31,89,0.399103139013
TWN_SMK_047_A2_0.txt,(0, 0),202,10,74,0.366336633663
TWN_SMK_048_B2_0.txt,(1, 1),210,15,79,0.37619047619
TWN_SMK_049_B1_2.txt,(1, 0),206,15,78,0.378640776699
TWN_SMK_050_B1_1.txt,(1, 0),201,11,69,0.34328358209
TWN_SMK_051_B1_2.txt,(0, 0),217,11,78,0.359447004608
TWN_SMK_052_B1_1.txt,(0, 3),249,14,92,0.369477911647
TWN_SMK_053_B1_2.txt,(0, 0),220,14,88,0.4
TWN_SMK_054_B1_1.txt,(0, 0),204,17,82,0.401960784314
TWN_SMK_055_B1_1.txt,(0, 6),268,19,110,0.410447761194
TWN_SMK_056_B1_2.txt,(0, 0),214,12,76,0.355140186916
TWN_SMK_057_B2_0.txt,(0, 0),217,15,87,0.400921658986
TWN_SMK_058_B1_1.txt,(0, 1),216,11,64,0.296296296296
TWN_SMK_059_B1_1.txt,(0, 0),225,10,86,0.382222222222
TWN_SMK_060_B1_2.txt,(2, 2),228,14,90,0.394736842105
TWN_SMK_061_B1_1.txt,(0, 1),205,14,73,0.356097560976
TWN_SMK_062_B1_1.txt,(0, 2),206,15,80,0.388349514563
TWN_SMK_063_B1_2.txt,(0, 7),221,13,79,0.357466063348
TWN_SMK_064_B1_1.txt,(1, 2),207,10,87,0.420289855072
TWN_SMK_065_B1_1.txt,(0, 0),212,9,76,0.358490566038
TWN_SMK_066_B1_2.txt,(0, 5),208,16,80,0.384615384615
TWN_SMK_067_A2_0.txt,(1, 2),204,14,82,0.401960784314
TWN_SMK_068_B2_0.txt,(0, 0),219,14,93,0.424657534247
TWN_SMK_069_B2_0.txt,(0, 0),211,19,89,0.421800947867
TWN_SMK_070_A2_0.txt,(0, 2),227,12,77,0.339207048458
TWN_SMK_071_B1_1.txt,(0, 2),234,15,98,0.418803418803
TWN_SMK_072_B1_2.txt,(0, 0),233,12,87,0.37339055794
TWN_SMK_073_A2_0.txt,(0, 0),215,13,80,0.372093023256
TWN_SMK_074_B1_1.txt,(0, 0),225,17,91,0.404444444444
TWN_SMK_075_A2_0.txt,(1, 2),207,15,89,0.429951690821
TWN_SMK_076_B1_2.txt,(0, 0),219,24,97,0.442922374429
TWN_SMK_077_B2_0.txt,(1, 0),231,19,97,0.419913419913
TWN_SMK_078_B1_2.txt,(0, 2),213,14,92,0.431924882629
TWN_SMK_079_B1_1.txt,(0, 0),201,11,58,0.28855721393
TWN_SMK_080_B1_2.txt,(0, 1),202,20,78,0.386138613861
TWN_SMK_081_B1_2.txt,(0, 1),258,14,109,0.422480620155
TWN_SMK_082_B1_1.txt,(0, 0),211,10,72,0.341232227488
TWN_SMK_083_B1_2.txt,(0, 0),209,12,78,0.373205741627
TWN_SMK_084_B1_2.txt,(0, 1),221,22,91,0.411764705882
TWN_SMK_085_B1_2.txt,(0, 0),221,13,87,0.393665158371
TWN_SMK_086_B2_0.txt,(0, 0),253,18,100,0.395256916996
TWN_SMK_087_B1_1.txt,(1, 0),247,14,96,0.388663967611
TWN_SMK_088_B2_0.txt,(0, 0),202,10,68,0.336633663366
TWN_SMK_089_B1_2.txt,(0, 0),243,14,96,0.395061728395
TWN_SMK_090_B1_1.txt,(0, 2),256,14,97,0.37890625
TWN_SMK_091_B1_1.txt,(1, 0),216,12,84,0.388888888889
TWN_SMK_092_B1_1.txt,(0, 0),213,13,83,0.389671361502
TWN_SMK_093_A2_0.txt,(1, 1),202,18,79,0.391089108911
TWN_SMK_094_B1_2.txt,(1, 7),278,25,101,0.363309352518
TWN_SMK_095_B2_0.txt,(0, 5),269,15,109,0.405204460967
TWN_SMK_096_B1_1.txt,(0, 1),207,10,70,0.338164251208
TWN_SMK_097_B1_2.txt,(0, 3),237,12,99,0.417721518987
TWN_SMK_098_B1_2.txt,(0, 3),215,14,75,0.348837209302
TWN_SMK_099_B1_2.txt,(0, 0),204,14,78,0.382352941176
TWN_SMK_100_B1_2.txt,(1, 0),201,15,75,0.373134328358
TWN_SMK_101_B1_1.txt,(0, 0),247,20,102,0.412955465587
TWN_SMK_102_B1_1.txt,(1, 0),206,13,83,0.402912621359
TWN_SMK_103_A2_0.txt,(0, 1),204,17,76,0.372549019608
TWN_SMK_104_B1_1.txt,(0, 1),216,10,88,0.407407407407
TWN_SMK_105_A2_0.txt,(0, 0),199,14,73,0.366834170854
TWN_SMK_106_B1_2.txt,(1, 1),220,24,96,0.436363636364
TWN_SMK_107_A2_0.txt,(1, 4),203,20,75,0.369458128079
TWN_SMK_108_B2_0.txt,(0, 1),210,14,84,0.4
TWN_SMK_109_B1_1.txt,(0, 1),219,18,85,0.388127853881
TWN_SMK_110_B2_0.txt,(0, 0),202,25,75,0.371287128713
TWN_SMK_111_B1_1.txt,(5, 10),219,16,88,0.401826484018
TWN_SMK_112_B1_1.txt,(0, 0),208,13,78,0.375
TWN_SMK_113_B1_1.txt,(0, 0),200,13,84,0.42
TWN_SMK_114_B1_1.txt,(0, 1),205,14,85,0.414634146341
TWN_SMK_115_B1_2.txt,(0, 9),297,15,116,0.390572390572
TWN_SMK_116_B1_1.txt,(0, 0),241,14,100,0.414937759336
TWN_SMK_117_B1_1.txt,(0, 0),205,17,88,0.429268292683
TWN_SMK_118_B2_0.txt,(1, 5),224,20,95,0.424107142857
TWN_SMK_119_B2_0.txt,(0, 0),218,27,87,0.399082568807
TWN_SMK_120_B2_0.txt,(0, 3),211,15,85,0.402843601896
TWN_SMK_121_B1_2.txt,(0, 5),262,20,99,0.37786259542
TWN_SMK_122_B1_1.txt,(0, 0),202,16,77,0.381188118812
TWN_SMK_123_B1_2.txt,(0, 4),261,18,112,0.429118773946
TWN_SMK_124_B2_0.txt,(1, 1),203,13,95,0.467980295567
TWN_SMK_125_B1_1.txt,(0, 6),218,12,83,0.380733944954
TWN_SMK_126_A2_0.txt,(0, 5),215,10,69,0.320930232558
TWN_SMK_127_B1_2.txt,(0, 4),209,14,94,0.44976076555
TWN_SMK_128_B1_1.txt,(0, 0),199,24,85,0.427135678392
TWN_SMK_129_B1_1.txt,(2, 1),209,12,80,0.382775119617
TWN_SMK_130_B1_2.txt,(0, 1),196,15,85,0.433673469388
TWN_SMK_131_A2_0.txt,(1, 8),215,15,94,0.437209302326
TWN_SMK_132_B1_1.txt,(0, 6),225,12,86,0.382222222222
TWN_SMK_133_B2_0.txt,(0, 7),249,27,112,0.449799196787
TWN_SMK_134_B1_2.txt,(0, 1),227,16,91,0.400881057269
TWN_SMK_135_B1_1.txt,(1, 0),225,17,96,0.426666666667
TWN_SMK_136_A2_0.txt,(0, 0),202,12,76,0.376237623762
TWN_SMK_137_B1_2.txt,(1, 6),261,13,100,0.383141762452
TWN_SMK_138_B1_1.txt,(0, 0),227,20,100,0.440528634361
TWN_SMK_139_B1_2.txt,(0, 0),228,17,98,0.429824561404
TWN_SMK_140_B1_1.txt,(1, 0),210,15,91,0.433333333333
TWN_SMK_141_B1_2.txt,(0, 1),235,14,102,0.434042553191
TWN_SMK_142_A2_0.txt,(5, 0),218,18,83,0.380733944954
TWN_SMK_143_B1_2.txt,(0, 3),252,19,94,0.373015873016
TWN_SMK_144_B1_1.txt,(0, 0),203,13,78,0.384236453202
TWN_SMK_145_B1_2.txt,(0, 1),242,12,104,0.429752066116
TWN_SMK_146_B1_1.txt,(0, 0),210,12,81,0.385714285714
TWN_SMK_147_B1_1.txt,(0, 2),258,14,96,0.372093023256
TWN_SMK_148_B1_2.txt,(0, 0),203,20,91,0.448275862069
TWN_SMK_149_B1_1.txt,(0, 0),202,13,72,0.356435643564
TWN_SMK_150_B1_2.txt,(0, 0),208,17,84,0.403846153846
TWN_SMK_151_B1_1.txt,(1, 0),205,12,77,0.375609756098
TWN_SMK_152_B1_2.txt,(0, 0),210,12,71,0.338095238095
TWN_SMK_153_B1_1.txt,(0, 2),228,15,89,0.390350877193
TWN_SMK_154_B2_0.txt,(0, 5),225,20,88,0.391111111111
TWN_SMK_155_B1_1.txt,(0, 5),243,16,97,0.399176954733
TWN_SMK_156_B1_1.txt,(1, 3),219,15,84,0.383561643836
TWN_SMK_157_B1_1.txt,(1, 7),255,13,104,0.407843137255
TWN_SMK_158_B1_1.txt,(0, 1),201,13,78,0.388059701493
TWN_SMK_159_B1_1.txt,(1, 1),200,14,71,0.355
TWN_SMK_160_B1_2.txt,(1, 0),207,14,81,0.391304347826
TWN_SMK_161_B1_1.txt,(2, 6),227,11,89,0.392070484581
TWN_SMK_162_B1_2.txt,(0, 2),215,23,88,0.409302325581
TWN_SMK_163_B1_1.txt,(0, 6),206,15,79,0.383495145631
TWN_SMK_164_B1_2.txt,(0, 0),208,14,84,0.403846153846
TWN_SMK_165_B1_1.txt,(0, 6),215,12,78,0.362790697674
TWN_SMK_166_B2_0.txt,(0, 0),203,25,88,0.433497536946
TWN_SMK_167_B1_2.txt,(0, 1),233,19,90,0.386266094421
TWN_SMK_168_B2_0.txt,(0, 0),207,17,78,0.376811594203
TWN_SMK_169_B2_0.txt,(0, 1),238,23,106,0.445378151261
TWN_SMK_170_A2_0.txt,(0, 0),221,27,102,0.461538461538
TWN_SMK_171_B1_1.txt,(0, 0),204,13,80,0.392156862745
TWN_SMK_172_B1_1.txt,(0, 3),220,14,88,0.4
TWN_SMK_173_B1_2.txt,(1, 1),208,14,78,0.375
TWN_SMK_174_A2_0.txt,(1, 3),201,8,65,0.323383084577
TWN_SMK_175_B1_1.txt,(0, 0),228,10,80,0.350877192982
TWN_SMK_176_B1_1.txt,(0, 0),203,15,73,0.35960591133
TWN_SMK_177_B1_1.txt,(0, 0),233,16,102,0.437768240343
TWN_SMK_178_A2_0.txt,(0, 0),204,12,72,0.352941176471
TWN_SMK_179_A2_0.txt,(0, 1),202,15,81,0.40099009901
TWN_SMK_180_B2_0.txt,(1, 0),204,18,77,0.377450980392
TWN_SMK_181_B1_1.txt,(0, 0),208,16,90,0.432692307692
TWN_SMK_182_B1_1.txt,(0, 0),215,14,79,0.367441860465
TWN_SMK_183_B1_1.txt,(1, 2),208,13,77,0.370192307692
TWN_SMK_184_B1_2.txt,(0, 7),202,16,83,0.410891089109
TWN_SMK_185_B1_2.txt,(0, 6),258,13,99,0.383720930233
TWN_SMK_186_B1_1.txt,(3, 3),243,18,79,0.325102880658
TWN_SMK_187_B1_2.txt,(0, 1),215,13,71,0.33023255814
TWN_SMK_188_B1_1.txt,(0, 0),239,14,98,0.410041841004
TWN_SMK_189_B1_1.txt,(0, 1),231,21,90,0.38961038961
TWN_SMK_190_A2_0.txt,(11, 12),249,10,96,0.385542168675
TWN_SMK_191_B1_2.txt,(1, 6),208,9,62,0.298076923077
TWN_SMK_192_B1_1.txt,(0, 1),204,18,76,0.372549019608
TWN_SMK_193_B2_0.txt,(0, 0),217,15,92,0.423963133641
TWN_SMK_194_A2_0.txt,(0, 4),214,19,91,0.42523364486
TWN_SMK_195_B1_1.txt,(1, 0),219,12,68,0.310502283105
TWN_SMK_196_B1_1.txt,(0, 0),205,18,85,0.414634146341
TWN_SMK_197_B1_1.txt,(0, 0),202,22,77,0.381188118812
TWN_SMK_198_B1_2.txt,(0, 0),216,11,81,0.375
TWN_SMK_199_B1_2.txt,(0, 0),232,13,84,0.362068965517
TWN_SMK_200_B1_1.txt,(0, 5),206,15,82,0.398058252427
